Timestamp,1. How much is the Monthly Income of your House?,2. How much do you pay for House Rent? (per month),"3. How many Appliances do you have in your house? (Tv, Fridge, coolers, geysers, computers, etc.)",4. How many Vehicles do you own? (combined 2&4 wheelers),"5. How much do you spend on your vehicles? (Fuel, maintenance, etc)","6. How much do you spend on pets? (Pet products, veterinary, etc) ",7. What is your monthly Electricity Bill?,8. What is your monthly Water Bill?,9. What is your monthly Gas Bill?,10. How much do you spend on Cable / Internet services? (Yearly),11. How much do you spend on Medical Expenses (monthly) ?,"12. How much is your monthly Food Expenses? (Groceries, rice, oils, supplements, protein powders, etc)","13. How much do you spend on Educational Expenses?(including Tuition, hostel, stationery, etc.)","14. How much does your family spend on Workers / Assistants? (Maids, Watchmen, Drivers, etc.)","15. Miscellaneous Expenses  like emergency, painting, plumbing, repairs, etc "
1-23-2022 20:34:05,40k to 80k,10k to 20k,10 to 15,3,1000 to 2500,Nil,500 to 1000,500 to 1000,700 to 1000,10k to 15k,500 to 1000,10k to 20k,4LPA to 6LPA,2k to 5k,1k to 2k
1-26-2022 16:02:52,40k to 80k,Nil,10 to 15,4,1000 to 2500,Nil,> 2000,< 500,700 to 1000,< 10k,1000 to 5000,5k to 10k,4LPA to 6LPA,2k to 5k,1k to 2k
1-26-2022 16:09:46,80k to 1.25L,Nil,< 10,3,2500 to 5000,Nil,1000 to 2000,500 to 1000,700 to 1000,< 10k,500 to 1000,< 5k,> 6LPA,2k to 5k,1k to 2k
1-26-2022 16:18:54,40k to 80k,Nil,15 to 25,5,2500 to 5000,Nil,> 2000,< 500,700 to 1000,< 10k,< 500,10k to 20k,> 6LPA,2k to 5k,< 1000
1-26-2022 17:21:12,80k to 1.25L,10k to 20k,10 to 15,1,2500 to 5000,Nil,> 2000,> 1000,> 1000,< 10k,500 to 1000,10k to 20k,4LPA to 6LPA,Nil,< 1000
1-26-2022 18:03:21,80k to 1.25L,Nil,< 10,2,1000 to 2500,Nil,1000 to 2000,500 to 1000,700 to 1000,< 10k,< 500,5k to 10k,2LPA to 4LPA,Nil,< 1000
1-26-2022 18:49:18,40k to 80k,Nil,< 10,4,1000 to 2500,Nil,> 2000,> 1000,> 1000,< 10k,500 to 1000,5k to 10k,2LPA to 4LPA,Nil,1k to 2k
1-26-2022 19:04:29,80k to 1.25L,Nil,15 to 25,2,2500 to 5000,Nil,1000 to 2000,< 500,700 to 1000,< 10k,< 500,10k to 20k,4LPA to 6LPA,Nil,< 1000
1-26-2022 19:07:06,80k to 1.25L,Nil,10 to 15,3,> 5000,Nil,500 to 1000,< 500,700 to 1000,15k to 20k,< 500,5k to 10k,2LPA to 4LPA,< 2k,1k to 2k
1-26-2022 20:11:11,> 2L,Nil,15 to 25,2,> 5000,Nil,> 2000,> 1000,> 1000,15k to 20k,> 5000,10k to 20k,4LPA to 6LPA,> 5k,> 2k
1-27-2022 1:33:31,80k to 1.25L,Nil,10 to 15,2,2500 to 5000,Nil,1000 to 2000,500 to 1000,700 to 1000,< 10k,500 to 1000,5k to 10k,4LPA to 6LPA,2k to 5k,< 1000
1-27-2022 11:56:45,< 40k,Nil,< 10,3,1000 to 2500,< 2500,1000 to 2000,500 to 1000,700 to 1000,10k to 15k,500 to 1000,5k to 10k,2LPA to 4LPA,< 2k,1k to 2k
1-27-2022 12:14:16,< 40k,Nil,< 10,1,1000 to 2500,Nil,1000 to 2000,500 to 1000,< 700,< 10k,1000 to 5000,< 5k,< 2LPA,< 2k,1k to 2k
1-27-2022 13:13:26,40k to 80k,10k to 20k,< 10,2,2500 to 5000,Nil,1000 to 2000,500 to 1000,700 to 1000,< 10k,> 5000,5k to 10k,4LPA to 6LPA,< 2k,> 2k
1-27-2022 16:11:12,< 40k,< 10k,< 10,2,< 1000,< 2500,< 500,< 500,< 700,< 10k,< 500,5k to 10k,< 2LPA,< 2k,< 1000
1-27-2022 16:12:19,> 2L,Nil,15 to 25,4,2500 to 5000,5000 to 10000,> 2000,> 1000,> 1000,> 20k,> 5000,> 20k,> 6LPA,> 5k,> 2k
1-28-2022 10:11:42,< 40k,< 10k,10 to 15,3,1000 to 2500,Nil,1000 to 2000,500 to 1000,700 to 1000,< 10k,500 to 1000,5k to 10k,< 2LPA,< 2k,< 1000
1-28-2022 10:13:12,80k to 1.25L,> 20k,15 to 25,5,2500 to 5000,Nil,> 2000,> 1000,> 1000,10k to 15k,1000 to 5000,10k to 20k,4LPA to 6LPA,> 5k,> 2k
1-28-2022 18:01:37,< 40k,< 10k,10 to 15,2,< 1000,< 2500,500 to 1000,< 500,700 to 1000,< 10k,< 500,< 5k,4LPA to 6LPA,Nil,< 1000
1-29-2022 16:59:07,> 2L,Nil,> 25,3,2500 to 5000,< 2500,1000 to 2000,< 500,< 700,15k to 20k,< 500,5k to 10k,> 6LPA,2k to 5k,1k to 2k
1-29-2022 18:38:53,< 40k,< 10k,< 10,2,1000 to 2500,Nil,500 to 1000,500 to 1000,700 to 1000,< 10k,500 to 1000,5k to 10k,< 2LPA,Nil,< 1000
1-29-2022 18:39:47,80k to 1.25L,Nil,15 to 25,2,2500 to 5000,Nil,> 2000,500 to 1000,> 1000,15k to 20k,1000 to 5000,10k to 20k,2LPA to 4LPA,2k to 5k,1k to 2k
1-29-2022 20:40:53,1.25L to 2L,> 20k,> 25,5,> 5000,5000 to 10000,> 2000,> 1000,> 1000,15k to 20k,> 5000,> 20k,4LPA to 6LPA,> 5k,> 2k
1-29-2022 20:41:35,< 40k,< 10k,< 10,2,1000 to 2500,< 2500,500 to 1000,500 to 1000,700 to 1000,< 10k,< 500,5k to 10k,< 2LPA,< 2k,< 1000
1-29-2022 20:42:01,40k to 80k,10k to 20k,10 to 15,3,1000 to 2500,2500 to 5000,500 to 1000,500 to 1000,700 to 1000,15k to 20k,< 500,< 5k,2LPA to 4LPA,2k to 5k,1k to 2k
1-29-2022 20:42:25,40k to 80k,10k to 20k,10 to 15,3,1000 to 2500,2500 to 5000,500 to 1000,500 to 1000,700 to 1000,10k to 15k,500 to 1000,5k to 10k,2LPA to 4LPA,2k to 5k,> 2k
1-29-2022 20:43:01,< 40k,< 10k,< 10,1,1000 to 2500,Nil,> 2000,> 1000,700 to 1000,10k to 15k,< 500,< 5k,< 2LPA,< 2k,> 2k
1-29-2022 20:43:25,< 40k,< 10k,< 10,1,< 1000,< 2500,< 500,< 500,< 700,< 10k,< 500,< 5k,< 2LPA,< 2k,< 1000
1-29-2022 20:44:52,> 2L,Nil,> 25,4,1000 to 2500,2500 to 5000,> 2000,> 1000,> 1000,> 20k,> 5000,> 20k,> 6LPA,> 5k,> 2k
1-29-2022 20:45:17,80k to 1.25L,Nil,10 to 15,2,1000 to 2500,Nil,> 2000,> 1000,> 1000,10k to 15k,> 5000,10k to 20k,4LPA to 6LPA,2k to 5k,1k to 2k
1-29-2022 20:45:50,1.25L to 2L,> 20k,10 to 15,2,2500 to 5000,5000 to 10000,500 to 1000,500 to 1000,700 to 1000,< 10k,500 to 1000,5k to 10k,< 2LPA,2k to 5k,< 1000
1-29-2022 20:48:17,< 40k,< 10k,10 to 15,3,2500 to 5000,> 10000,< 500,< 500,< 700,10k to 15k,500 to 1000,10k to 20k,4LPA to 6LPA,2k to 5k,1k to 2k
1-29-2022 20:48:42,40k to 80k,10k to 20k,10 to 15,1,1000 to 2500,2500 to 5000,500 to 1000,500 to 1000,< 700,10k to 15k,500 to 1000,10k to 20k,2LPA to 4LPA,2k to 5k,< 1000
1-29-2022 20:51:50,40k to 80k,10k to 20k,< 10,1,< 1000,< 2500,< 500,< 500,< 700,< 10k,< 500,< 5k,< 2LPA,< 2k,< 1000
1-29-2022 20:52:14,> 2L,10k to 20k,10 to 15,3,2500 to 5000,5000 to 10000,1000 to 2000,500 to 1000,< 700,10k to 15k,500 to 1000,10k to 20k,2LPA to 4LPA,< 2k,< 1000
1-29-2022 20:59:41,40k to 80k,< 10k,15 to 25,4,2500 to 5000,Nil,500 to 1000,< 500,700 to 1000,15k to 20k,1000 to 5000,5k to 10k,< 2LPA,< 2k,< 1000
1-29-2022 21:00:17,40k to 80k,10k to 20k,< 10,2,1000 to 2500,Nil,500 to 1000,> 1000,> 1000,15k to 20k,500 to 1000,10k to 20k,< 2LPA,< 2k,1k to 2k
1-29-2022 21:00:45,< 40k,10k to 20k,10 to 15,2,1000 to 2500,2500 to 5000,1000 to 2000,500 to 1000,700 to 1000,10k to 15k,500 to 1000,5k to 10k,2LPA to 4LPA,2k to 5k,1k to 2k
1-29-2022 21:01:37,< 40k,10k to 20k,< 10,2,2500 to 5000,2500 to 5000,500 to 1000,> 1000,700 to 1000,< 10k,< 500,5k to 10k,> 6LPA,> 5k,> 2k
1-29-2022 21:03:47,< 40k,10k to 20k,10 to 15,2,1000 to 2500,5000 to 10000,< 500,500 to 1000,700 to 1000,< 10k,500 to 1000,5k to 10k,4LPA to 6LPA,2k to 5k,1k to 2k
1-29-2022 21:05:52,80k to 1.25L,10k to 20k,< 10,2,1000 to 2500,< 2500,500 to 1000,< 500,700 to 1000,< 10k,500 to 1000,5k to 10k,4LPA to 6LPA,< 2k,< 1000
1-29-2022 21:06:56,< 40k,< 10k,10 to 15,3,1000 to 2500,2500 to 5000,< 500,500 to 1000,700 to 1000,15k to 20k,1000 to 5000,5k to 10k,2LPA to 4LPA,2k to 5k,> 2k
1-29-2022 21:10:42,40k to 80k,< 10k,10 to 15,2,1000 to 2500,2500 to 5000,500 to 1000,< 500,< 700,15k to 20k,500 to 1000,5k to 10k,< 2LPA,2k to 5k,> 2k
1-29-2022 21:10:54,> 2L,> 20k,10 to 15,2,2500 to 5000,5000 to 10000,1000 to 2000,500 to 1000,700 to 1000,15k to 20k,1000 to 5000,> 20k,4LPA to 6LPA,> 5k,1k to 2k
1-29-2022 21:11:18,40k to 80k,10k to 20k,10 to 15,2,2500 to 5000,Nil,1000 to 2000,500 to 1000,700 to 1000,10k to 15k,500 to 1000,5k to 10k,2LPA to 4LPA,2k to 5k,1k to 2k
1-29-2022 21:11:57,80k to 1.25L,Nil,> 25,1,< 1000,Nil,> 2000,> 1000,> 1000,> 20k,1000 to 5000,10k to 20k,2LPA to 4LPA,2k to 5k,1k to 2k
1-29-2022 21:14:19,80k to 1.25L,> 20k,15 to 25,2,2500 to 5000,5000 to 10000,500 to 1000,500 to 1000,700 to 1000,10k to 15k,500 to 1000,5k to 10k,2LPA to 4LPA,2k to 5k,1k to 2k
1-29-2022 21:24:00,40k to 80k,10k to 20k,15 to 25,4,2500 to 5000,5000 to 10000,1000 to 2000,500 to 1000,700 to 1000,10k to 15k,1000 to 5000,10k to 20k,2LPA to 4LPA,> 5k,> 2k
1-29-2022 21:35:05,80k to 1.25L,10k to 20k,10 to 15,4,2500 to 5000,5000 to 10000,1000 to 2000,500 to 1000,700 to 1000,10k to 15k,500 to 1000,5k to 10k,2LPA to 4LPA,2k to 5k,1k to 2k
1-29-2022 21:37:57,1.25L to 2L,> 20k,15 to 25,3,2500 to 5000,5000 to 10000,500 to 1000,500 to 1000,700 to 1000,15k to 20k,500 to 1000,10k to 20k,2LPA to 4LPA,2k to 5k,> 2k
1-29-2022 21:40:00,40k to 80k,10k to 20k,10 to 15,4,2500 to 5000,Nil,500 to 1000,500 to 1000,700 to 1000,10k to 15k,1000 to 5000,5k to 10k,4LPA to 6LPA,Nil,1k to 2k
1-29-2022 21:43:30,40k to 80k,10k to 20k,10 to 15,4,1000 to 2500,Nil,500 to 1000,500 to 1000,700 to 1000,10k to 15k,500 to 1000,5k to 10k,2LPA to 4LPA,2k to 5k,1k to 2k
1-29-2022 21:44:51,1.25L to 2L,Nil,< 10,3,1000 to 2500,2500 to 5000,500 to 1000,500 to 1000,700 to 1000,15k to 20k,500 to 1000,5k to 10k,2LPA to 4LPA,2k to 5k,< 1000
1-29-2022 21:45:46,40k to 80k,Nil,< 10,1,1000 to 2500,2500 to 5000,1000 to 2000,500 to 1000,< 700,10k to 15k,500 to 1000,10k to 20k,4LPA to 6LPA,Nil,1k to 2k
1-29-2022 21:47:18,> 2L,Nil,> 25,5,2500 to 5000,> 10000,1000 to 2000,> 1000,> 1000,15k to 20k,> 5000,10k to 20k,4LPA to 6LPA,> 5k,> 2k
1-29-2022 21:47:44,1.25L to 2L,10k to 20k,15 to 25,3,1000 to 2500,Nil,500 to 1000,< 500,700 to 1000,< 10k,1000 to 5000,5k to 10k,2LPA to 4LPA,> 5k,1k to 2k
1-29-2022 21:49:19,> 2L,> 20k,10 to 15,3,1000 to 2500,> 10000,500 to 1000,500 to 1000,700 to 1000,15k to 20k,500 to 1000,5k to 10k,> 6LPA,2k to 5k,1k to 2k
1-29-2022 21:50:38,1.25L to 2L,10k to 20k,< 10,2,2500 to 5000,Nil,500 to 1000,< 500,> 1000,10k to 15k,500 to 1000,> 20k,> 6LPA,Nil,1k to 2k
1-29-2022 21:51:16,< 40k,< 10k,< 10,1,< 1000,< 2500,< 500,< 500,< 700,< 10k,< 500,< 5k,< 2LPA,Nil,< 1000
1-29-2022 21:54:37,40k to 80k,< 10k,15 to 25,4,1000 to 2500,2500 to 5000,1000 to 2000,< 500,> 1000,< 10k,> 5000,10k to 20k,4LPA to 6LPA,2k to 5k,1k to 2k
1-29-2022 21:55:18,> 2L,Nil,< 10,3,> 5000,Nil,> 2000,> 1000,> 1000,> 20k,> 5000,> 20k,> 6LPA,Nil,> 2k
1-29-2022 21:55:57,1.25L to 2L,> 20k,15 to 25,5,2500 to 5000,2500 to 5000,500 to 1000,< 500,> 1000,> 20k,1000 to 5000,5k to 10k,2LPA to 4LPA,2k to 5k,< 1000
1-29-2022 21:57:11,< 40k,< 10k,< 10,0,1000 to 2500,< 2500,< 500,< 500,< 700,< 10k,< 500,< 5k,< 2LPA,Nil,< 1000
1-29-2022 21:59:10,> 2L,10k to 20k,10 to 15,4,1000 to 2500,< 2500,500 to 1000,500 to 1000,700 to 1000,10k to 15k,500 to 1000,5k to 10k,2LPA to 4LPA,2k to 5k,1k to 2k
1-29-2022 22:00:25,> 2L,10k to 20k,> 25,4,2500 to 5000,2500 to 5000,500 to 1000,500 to 1000,> 1000,> 20k,500 to 1000,10k to 20k,2LPA to 4LPA,> 5k,1k to 2k
1-29-2022 22:03:33,40k to 80k,10k to 20k,10 to 15,6,1000 to 2500,2500 to 5000,500 to 1000,500 to 1000,700 to 1000,10k to 15k,1000 to 5000,5k to 10k,4LPA to 6LPA,> 5k,< 1000
1-29-2022 22:04:43,1.25L to 2L,10k to 20k,10 to 15,5,1000 to 2500,5000 to 10000,1000 to 2000,500 to 1000,700 to 1000,15k to 20k,1000 to 5000,> 20k,4LPA to 6LPA,> 5k,1k to 2k
1-29-2022 22:05:27,80k to 1.25L,10k to 20k,10 to 15,2,< 1000,< 2500,1000 to 2000,500 to 1000,< 700,10k to 15k,< 500,5k to 10k,< 2LPA,2k to 5k,< 1000
1-29-2022 22:13:22,40k to 80k,10k to 20k,10 to 15,5,2500 to 5000,2500 to 5000,500 to 1000,500 to 1000,700 to 1000,10k to 15k,1000 to 5000,5k to 10k,2LPA to 4LPA,> 5k,1k to 2k
1-29-2022 23:26:34,80k to 1.25L,> 20k,10 to 15,2,1000 to 2500,2500 to 5000,500 to 1000,500 to 1000,700 to 1000,15k to 20k,500 to 1000,5k to 10k,2LPA to 4LPA,2k to 5k,1k to 2k
1-29-2022 23:53:44,< 40k,< 10k,10 to 15,2,1000 to 2500,2500 to 5000,500 to 1000,500 to 1000,700 to 1000,10k to 15k,500 to 1000,5k to 10k,< 2LPA,2k to 5k,> 2k
1-29-2022 23:54:21,< 40k,< 10k,10 to 15,3,1000 to 2500,Nil,500 to 1000,500 to 1000,700 to 1000,< 10k,500 to 1000,5k to 10k,4LPA to 6LPA,2k to 5k,< 1000
1-29-2022 23:55:35,40k to 80k,< 10k,< 10,2,< 1000,Nil,500 to 1000,500 to 1000,< 700,10k to 15k,500 to 1000,< 5k,2LPA to 4LPA,< 2k,1k to 2k
1-29-2022 23:55:47,40k to 80k,10k to 20k,10 to 15,2,1000 to 2500,2500 to 5000,< 500,< 500,< 700,< 10k,< 500,< 5k,< 2LPA,< 2k,< 1000
1-29-2022 23:56:29,80k to 1.25L,Nil,< 10,4,1000 to 2500,> 10000,< 500,500 to 1000,700 to 1000,< 10k,500 to 1000,5k to 10k,< 2LPA,< 2k,< 1000
1-29-2022 23:57:23,80k to 1.25L,10k to 20k,10 to 15,3,1000 to 2500,2500 to 5000,1000 to 2000,500 to 1000,700 to 1000,15k to 20k,500 to 1000,10k to 20k,4LPA to 6LPA,2k to 5k,1k to 2k
1-29-2022 23:58:07,1.25L to 2L,Nil,15 to 25,4,2500 to 5000,2500 to 5000,1000 to 2000,500 to 1000,700 to 1000,15k to 20k,1000 to 5000,10k to 20k,4LPA to 6LPA,> 5k,> 2k
1-29-2022 23:58:42,> 2L,Nil,> 25,6,> 5000,5000 to 10000,> 2000,> 1000,> 1000,> 20k,> 5000,> 20k,> 6LPA,> 5k,> 2k
1-29-2022 23:59:25,< 40k,< 10k,< 10,1,< 1000,Nil,< 500,< 500,< 700,< 10k,< 500,< 5k,2LPA to 4LPA,Nil,< 1000
1-30-2022 0:00:07,< 40k,< 10k,15 to 25,2,2500 to 5000,2500 to 5000,500 to 1000,500 to 1000,700 to 1000,10k to 15k,500 to 1000,5k to 10k,< 2LPA,2k to 5k,< 1000
1-30-2022 0:00:18,40k to 80k,Nil,10 to 15,2,< 1000,< 2500,500 to 1000,500 to 1000,700 to 1000,10k to 15k,500 to 1000,5k to 10k,2LPA to 4LPA,< 2k,1k to 2k
1-30-2022 0:00:50,80k to 1.25L,10k to 20k,10 to 15,3,1000 to 2500,2500 to 5000,500 to 1000,500 to 1000,700 to 1000,10k to 15k,500 to 1000,5k to 10k,2LPA to 4LPA,< 2k,1k to 2k
1-30-2022 0:01:38,1.25L to 2L,Nil,15 to 25,3,1000 to 2500,Nil,500 to 1000,> 1000,> 1000,10k to 15k,500 to 1000,10k to 20k,2LPA to 4LPA,2k to 5k,< 1000
1-30-2022 0:02:37,80k to 1.25L,10k to 20k,10 to 15,2,< 1000,< 2500,500 to 1000,500 to 1000,700 to 1000,10k to 15k,500 to 1000,5k to 10k,4LPA to 6LPA,< 2k,1k to 2k
1-30-2022 0:02:58,40k to 80k,< 10k,< 10,1,< 1000,< 2500,< 500,< 500,< 700,< 10k,< 500,< 5k,< 2LPA,< 2k,< 1000
1-30-2022 0:03:19,40k to 80k,< 10k,< 10,2,< 1000,Nil,500 to 1000,500 to 1000,700 to 1000,10k to 15k,500 to 1000,5k to 10k,2LPA to 4LPA,Nil,1k to 2k
1-30-2022 0:04:22,80k to 1.25L,Nil,15 to 25,3,2500 to 5000,2500 to 5000,1000 to 2000,500 to 1000,> 1000,10k to 15k,500 to 1000,10k to 20k,2LPA to 4LPA,< 2k,< 1000
1-30-2022 0:05:13,40k to 80k,Nil,10 to 15,3,1000 to 2500,< 2500,500 to 1000,500 to 1000,700 to 1000,10k to 15k,500 to 1000,5k to 10k,2LPA to 4LPA,< 2k,< 1000
1-30-2022 0:05:44,< 40k,< 10k,< 10,1,< 1000,Nil,< 500,< 500,< 700,< 10k,< 500,< 5k,< 2LPA,Nil,< 1000
1-30-2022 0:06:21,40k to 80k,< 10k,10 to 15,2,1000 to 2500,< 2500,500 to 1000,500 to 1000,700 to 1000,10k to 15k,500 to 1000,5k to 10k,4LPA to 6LPA,< 2k,1k to 2k
1-30-2022 0:07:09,< 40k,< 10k,< 10,1,< 1000,< 2500,< 500,< 500,< 700,< 10k,< 500,< 5k,< 2LPA,< 2k,< 1000
1-30-2022 0:07:24,80k to 1.25L,> 20k,15 to 25,2,1000 to 2500,2500 to 5000,1000 to 2000,> 1000,700 to 1000,15k to 20k,1000 to 5000,5k to 10k,4LPA to 6LPA,2k to 5k,1k to 2k
1-30-2022 0:07:53,< 40k,Nil,10 to 15,2,1000 to 2500,2500 to 5000,500 to 1000,500 to 1000,700 to 1000,10k to 15k,1000 to 5000,10k to 20k,2LPA to 4LPA,2k to 5k,1k to 2k
1-30-2022 0:08:20,< 40k,10k to 20k,10 to 15,2,2500 to 5000,2500 to 5000,500 to 1000,500 to 1000,700 to 1000,10k to 15k,500 to 1000,5k to 10k,2LPA to 4LPA,2k to 5k,1k to 2k
1-30-2022 0:08:42,80k to 1.25L,< 10k,10 to 15,2,1000 to 2500,Nil,500 to 1000,500 to 1000,700 to 1000,10k to 15k,500 to 1000,5k to 10k,2LPA to 4LPA,< 2k,< 1000
1-30-2022 0:08:44,< 40k,10k to 20k,< 10,2,< 1000,< 2500,1000 to 2000,500 to 1000,700 to 1000,10k to 15k,500 to 1000,5k to 10k,2LPA to 4LPA,2k to 5k,1k to 2k
1-30-2022 0:09:10,< 40k,10k to 20k,10 to 15,1,1000 to 2500,2500 to 5000,500 to 1000,500 to 1000,700 to 1000,10k to 15k,500 to 1000,5k to 10k,< 2LPA,< 2k,< 1000
1-30-2022 0:09:42,40k to 80k,Nil,< 10,2,< 1000,< 2500,500 to 1000,500 to 1000,700 to 1000,10k to 15k,500 to 1000,5k to 10k,2LPA to 4LPA,< 2k,1k to 2k
1-30-2022 0:09:44,< 40k,10k to 20k,15 to 25,3,1000 to 2500,2500 to 5000,500 to 1000,> 1000,< 700,10k to 15k,500 to 1000,5k to 10k,< 2LPA,2k to 5k,1k to 2k
1-30-2022 0:10:45,> 2L,Nil,> 25,5,> 5000,5000 to 10000,> 2000,> 1000,> 1000,> 20k,1000 to 5000,> 20k,> 6LPA,> 5k,> 2k
1-30-2022 0:10:53,< 40k,10k to 20k,10 to 15,3,1000 to 2500,< 2500,> 2000,500 to 1000,700 to 1000,10k to 15k,1000 to 5000,10k to 20k,< 2LPA,2k to 5k,1k to 2k
1-30-2022 0:11:26,80k to 1.25L,< 10k,10 to 15,3,1000 to 2500,Nil,500 to 1000,500 to 1000,700 to 1000,10k to 15k,500 to 1000,5k to 10k,2LPA to 4LPA,< 2k,< 1000
1-30-2022 0:11:26,80k to 1.25L,Nil,> 25,5,1000 to 2500,< 2500,1000 to 2000,500 to 1000,700 to 1000,< 10k,500 to 1000,10k to 20k,< 2LPA,< 2k,< 1000
1-30-2022 0:11:57,< 40k,< 10k,< 10,1,< 1000,Nil,500 to 1000,500 to 1000,700 to 1000,10k to 15k,< 500,< 5k,< 2LPA,< 2k,< 1000
1-30-2022 0:12:04,1.25L to 2L,Nil,15 to 25,4,2500 to 5000,5000 to 10000,1000 to 2000,> 1000,> 1000,15k to 20k,1000 to 5000,10k to 20k,4LPA to 6LPA,2k to 5k,1k to 2k
1-30-2022 0:12:22,< 40k,< 10k,< 10,2,< 1000,< 2500,< 500,< 500,< 700,< 10k,< 500,< 5k,< 2LPA,< 2k,< 1000
1-30-2022 0:12:44,80k to 1.25L,10k to 20k,10 to 15,3,1000 to 2500,2500 to 5000,1000 to 2000,500 to 1000,700 to 1000,10k to 15k,500 to 1000,10k to 20k,4LPA to 6LPA,2k to 5k,1k to 2k
1-30-2022 0:13:14,< 40k,Nil,15 to 25,2,1000 to 2500,Nil,500 to 1000,500 to 1000,700 to 1000,10k to 15k,500 to 1000,5k to 10k,2LPA to 4LPA,2k to 5k,1k to 2k
1-30-2022 0:13:21,1.25L to 2L,10k to 20k,15 to 25,4,2500 to 5000,2500 to 5000,1000 to 2000,> 1000,700 to 1000,15k to 20k,500 to 1000,10k to 20k,4LPA to 6LPA,2k to 5k,1k to 2k
1-30-2022 0:13:56,< 40k,10k to 20k,10 to 15,2,1000 to 2500,2500 to 5000,1000 to 2000,500 to 1000,700 to 1000,< 10k,< 500,< 5k,< 2LPA,< 2k,< 1000
1-30-2022 0:14:23,80k to 1.25L,Nil,15 to 25,3,2500 to 5000,5000 to 10000,500 to 1000,500 to 1000,700 to 1000,10k to 15k,500 to 1000,5k to 10k,2LPA to 4LPA,< 2k,< 1000
1-30-2022 0:16:18,40k to 80k,< 10k,10 to 15,3,1000 to 2500,< 2500,1000 to 2000,500 to 1000,700 to 1000,10k to 15k,500 to 1000,5k to 10k,2LPA to 4LPA,< 2k,< 1000
1-30-2022 0:17:39,40k to 80k,< 10k,15 to 25,3,1000 to 2500,Nil,1000 to 2000,500 to 1000,700 to 1000,10k to 15k,500 to 1000,5k to 10k,4LPA to 6LPA,2k to 5k,1k to 2k
1-30-2022 0:18:20,40k to 80k,Nil,10 to 15,2,< 1000,< 2500,500 to 1000,500 to 1000,700 to 1000,10k to 15k,< 500,5k to 10k,2LPA to 4LPA,< 2k,< 1000
1-30-2022 0:19:16,1.25L to 2L,Nil,15 to 25,4,2500 to 5000,2500 to 5000,> 2000,> 1000,> 1000,15k to 20k,500 to 1000,10k to 20k,> 6LPA,> 5k,> 2k
1-30-2022 0:20:40,40k to 80k,< 10k,10 to 15,2,1000 to 2500,Nil,500 to 1000,500 to 1000,700 to 1000,10k to 15k,500 to 1000,5k to 10k,2LPA to 4LPA,< 2k,1k to 2k
1-30-2022 0:21:30,80k to 1.25L,10k to 20k,15 to 25,4,2500 to 5000,< 2500,1000 to 2000,> 1000,> 1000,15k to 20k,1000 to 5000,10k to 20k,4LPA to 6LPA,2k to 5k,1k to 2k
1-30-2022 0:22:07,< 40k,< 10k,< 10,1,< 1000,Nil,< 500,< 500,< 700,< 10k,< 500,< 5k,< 2LPA,Nil,< 1000
1-30-2022 7:07:52,40k to 80k,< 10k,10 to 15,2,< 1000,Nil,500 to 1000,500 to 1000,700 to 1000,10k to 15k,500 to 1000,5k to 10k,< 2LPA,< 2k,< 1000
1-30-2022 7:09:38,80k to 1.25L,10k to 20k,15 to 25,3,1000 to 2500,Nil,1000 to 2000,> 1000,700 to 1000,10k to 15k,500 to 1000,5k to 10k,4LPA to 6LPA,2k to 5k,1k to 2k
1-30-2022 9:46:46,< 40k,< 10k,10 to 15,2,1000 to 2500,2500 to 5000,500 to 1000,500 to 1000,700 to 1000,15k to 20k,500 to 1000,< 5k,< 2LPA,2k to 5k,1k to 2k
1-30-2022 9:55:32,< 40k,> 20k,15 to 25,4,> 5000,> 10000,1000 to 2000,> 1000,> 1000,15k to 20k,> 5000,> 20k,2LPA to 4LPA,2k to 5k,1k to 2k
1-30-2022 9:56:45,< 40k,< 10k,< 10,1,< 1000,Nil,< 500,< 500,< 700,< 10k,< 500,< 5k,< 2LPA,Nil,> 2k
1-30-2022 9:58:39,40k to 80k,10k to 20k,15 to 25,2,1000 to 2500,2500 to 5000,500 to 1000,< 500,< 700,< 10k,< 500,< 5k,< 2LPA,Nil,> 2k
1-30-2022 9:59:42,< 40k,< 10k,10 to 15,2,1000 to 2500,2500 to 5000,500 to 1000,500 to 1000,700 to 1000,< 10k,< 500,< 5k,< 2LPA,Nil,> 2k
1-30-2022 10:00:31,< 40k,Nil,< 10,1,< 1000,Nil,< 500,< 500,< 700,< 10k,< 500,< 5k,< 2LPA,Nil,< 1000
1-30-2022 10:01:21,> 2L,Nil,> 25,3,> 5000,Nil,> 2000,> 1000,> 1000,> 20k,> 5000,> 20k,> 6LPA,> 5k,> 2k
1-30-2022 10:10:55,< 40k,< 10k,< 10,2,1000 to 2500,2500 to 5000,500 to 1000,500 to 1000,700 to 1000,10k to 15k,1000 to 5000,5k to 10k,2LPA to 4LPA,2k to 5k,1k to 2k
1-30-2022 10:11:30,< 40k,< 10k,< 10,3,< 1000,2500 to 5000,500 to 1000,500 to 1000,700 to 1000,< 10k,< 500,5k to 10k,< 2LPA,< 2k,1k to 2k
1-30-2022 10:12:05,40k to 80k,< 10k,10 to 15,2,2500 to 5000,2500 to 5000,500 to 1000,500 to 1000,700 to 1000,< 10k,500 to 1000,5k to 10k,< 2LPA,2k to 5k,1k to 2k
1-30-2022 10:12:34,< 40k,Nil,10 to 15,1,1000 to 2500,2500 to 5000,500 to 1000,500 to 1000,< 700,10k to 15k,500 to 1000,5k to 10k,< 2LPA,< 2k,1k to 2k
1-30-2022 10:13:14,80k to 1.25L,Nil,15 to 25,3,1000 to 2500,2500 to 5000,> 2000,> 1000,> 1000,15k to 20k,1000 to 5000,10k to 20k,4LPA to 6LPA,2k to 5k,1k to 2k
1-30-2022 10:13:54,< 40k,Nil,10 to 15,2,1000 to 2500,2500 to 5000,500 to 1000,500 to 1000,700 to 1000,< 10k,500 to 1000,5k to 10k,2LPA to 4LPA,< 2k,1k to 2k
1-30-2022 10:14:21,40k to 80k,< 10k,10 to 15,1,1000 to 2500,2500 to 5000,500 to 1000,500 to 1000,700 to 1000,10k to 15k,500 to 1000,5k to 10k,2LPA to 4LPA,2k to 5k,1k to 2k
1-30-2022 10:14:57,40k to 80k,Nil,10 to 15,2,1000 to 2500,Nil,> 2000,500 to 1000,> 1000,10k to 15k,500 to 1000,5k to 10k,< 2LPA,2k to 5k,< 1000
1-30-2022 10:15:32,< 40k,Nil,10 to 15,2,1000 to 2500,2500 to 5000,1000 to 2000,500 to 1000,700 to 1000,10k to 15k,500 to 1000,5k to 10k,2LPA to 4LPA,< 2k,1k to 2k
1-30-2022 10:16:10,> 2L,Nil,15 to 25,4,2500 to 5000,2500 to 5000,> 2000,> 1000,> 1000,> 20k,> 5000,> 20k,> 6LPA,> 5k,> 2k
1-30-2022 10:16:38,< 40k,Nil,< 10,2,< 1000,2500 to 5000,500 to 1000,500 to 1000,700 to 1000,10k to 15k,500 to 1000,5k to 10k,< 2LPA,2k to 5k,1k to 2k
1-30-2022 10:58:57,< 40k,Nil,10 to 15,3,1000 to 2500,Nil,500 to 1000,500 to 1000,700 to 1000,< 10k,< 500,5k to 10k,< 2LPA,< 2k,1k to 2k
1-30-2022 10:59:29,40k to 80k,< 10k,15 to 25,2,1000 to 2500,< 2500,> 2000,> 1000,> 1000,10k to 15k,500 to 1000,5k to 10k,2LPA to 4LPA,2k to 5k,> 2k
1-30-2022 10:59:54,40k to 80k,10k to 20k,10 to 15,2,1000 to 2500,2500 to 5000,500 to 1000,500 to 1000,700 to 1000,10k to 15k,500 to 1000,5k to 10k,4LPA to 6LPA,2k to 5k,1k to 2k
1-30-2022 11:00:17,< 40k,< 10k,< 10,1,< 1000,< 2500,< 500,< 500,< 700,< 10k,< 500,< 5k,< 2LPA,< 2k,< 1000
1-30-2022 11:00:57,40k to 80k,< 10k,10 to 15,2,1000 to 2500,2500 to 5000,1000 to 2000,500 to 1000,< 700,10k to 15k,500 to 1000,5k to 10k,2LPA to 4LPA,Nil,1k to 2k
1-30-2022 11:01:43,80k to 1.25L,Nil,10 to 15,3,1000 to 2500,Nil,1000 to 2000,> 1000,700 to 1000,10k to 15k,500 to 1000,10k to 20k,< 2LPA,2k to 5k,< 1000
1-30-2022 11:02:17,< 40k,< 10k,10 to 15,2,1000 to 2500,2500 to 5000,500 to 1000,500 to 1000,700 to 1000,< 10k,500 to 1000,10k to 20k,2LPA to 4LPA,2k to 5k,< 1000
1-30-2022 11:03:05,< 40k,< 10k,< 10,1,1000 to 2500,2500 to 5000,500 to 1000,500 to 1000,700 to 1000,< 10k,500 to 1000,5k to 10k,< 2LPA,2k to 5k,< 1000
1-30-2022 11:03:35,40k to 80k,< 10k,10 to 15,2,1000 to 2500,< 2500,500 to 1000,500 to 1000,700 to 1000,< 10k,500 to 1000,5k to 10k,2LPA to 4LPA,2k to 5k,1k to 2k
1-30-2022 11:04:29,< 40k,Nil,10 to 15,2,< 1000,Nil,500 to 1000,500 to 1000,700 to 1000,< 10k,< 500,5k to 10k,< 2LPA,Nil,1k to 2k
1-30-2022 14:34:31,40k to 80k,< 10k,10 to 15,2,1000 to 2500,2500 to 5000,1000 to 2000,500 to 1000,> 1000,10k to 15k,< 500,< 5k,< 2LPA,2k to 5k,1k to 2k
1-30-2022 14:34:58,< 40k,< 10k,< 10,1,< 1000,Nil,< 500,< 500,< 700,< 10k,< 500,< 5k,< 2LPA,< 2k,< 1000
1-30-2022 14:37:33,> 2L,> 20k,> 25,5,> 5000,Nil,> 2000,> 1000,> 1000,> 20k,> 5000,> 20k,> 6LPA,> 5k,> 2k
1-30-2022 15:19:30,< 40k,Nil,< 10,3,1000 to 2500,Nil,> 2000,500 to 1000,> 1000,10k to 15k,1000 to 5000,10k to 20k,< 2LPA,2k to 5k,1k to 2k
1-30-2022 15:19:56,< 40k,10k to 20k,< 10,2,1000 to 2500,2500 to 5000,500 to 1000,500 to 1000,700 to 1000,10k to 15k,500 to 1000,5k to 10k,2LPA to 4LPA,2k to 5k,1k to 2k
1-30-2022 15:20:25,< 40k,< 10k,10 to 15,3,1000 to 2500,2500 to 5000,1000 to 2000,> 1000,> 1000,10k to 15k,1000 to 5000,10k to 20k,< 2LPA,Nil,1k to 2k
1-30-2022 15:20:54,40k to 80k,Nil,10 to 15,4,< 1000,< 2500,< 500,< 500,< 700,10k to 15k,500 to 1000,< 5k,< 2LPA,2k to 5k,1k to 2k
1-30-2022 15:21:19,< 40k,< 10k,< 10,1,1000 to 2500,Nil,< 500,< 500,< 700,< 10k,< 500,< 5k,< 2LPA,< 2k,< 1000
1-30-2022 15:21:57,40k to 80k,10k to 20k,10 to 15,2,< 1000,Nil,> 2000,500 to 1000,700 to 1000,10k to 15k,500 to 1000,5k to 10k,2LPA to 4LPA,Nil,1k to 2k
1-30-2022 15:22:29,1.25L to 2L,Nil,15 to 25,3,2500 to 5000,Nil,500 to 1000,500 to 1000,700 to 1000,10k to 15k,500 to 1000,5k to 10k,< 2LPA,2k to 5k,1k to 2k
1-30-2022 15:38:53,< 40k,10k to 20k,< 10,2,1000 to 2500,Nil,500 to 1000,500 to 1000,700 to 1000,< 10k,500 to 1000,5k to 10k,< 2LPA,< 2k,< 1000
1-30-2022 16:45:31,40k to 80k,< 10k,10 to 15,3,2500 to 5000,Nil,500 to 1000,< 500,700 to 1000,< 10k,500 to 1000,10k to 20k,2LPA to 4LPA,< 2k,1k to 2k
1-30-2022 16:46:01,< 40k,< 10k,< 10,1,< 1000,Nil,1000 to 2000,> 1000,< 700,< 10k,< 500,< 5k,< 2LPA,2k to 5k,> 2k
1-30-2022 19:32:41,1.25L to 2L,Nil,10 to 15,4,2500 to 5000,Nil,1000 to 2000,500 to 1000,700 to 1000,15k to 20k,1000 to 5000,10k to 20k,4LPA to 6LPA,2k to 5k,1k to 2k
1-30-2022 19:34:02,40k to 80k,10k to 20k,< 10,2,1000 to 2500,< 2500,500 to 1000,500 to 1000,700 to 1000,10k to 15k,1000 to 5000,5k to 10k,2LPA to 4LPA,< 2k,< 1000
1-30-2022 19:36:51,80k to 1.25L,10k to 20k,10 to 15,2,1000 to 2500,2500 to 5000,500 to 1000,500 to 1000,700 to 1000,10k to 15k,500 to 1000,5k to 10k,2LPA to 4LPA,2k to 5k,1k to 2k
1-30-2022 19:38:36,40k to 80k,10k to 20k,10 to 15,3,1000 to 2500,5000 to 10000,500 to 1000,500 to 1000,700 to 1000,10k to 15k,1000 to 5000,10k to 20k,< 2LPA,2k to 5k,1k to 2k
1-30-2022 19:40:16,80k to 1.25L,Nil,15 to 25,4,2500 to 5000,Nil,1000 to 2000,500 to 1000,700 to 1000,15k to 20k,1000 to 5000,> 20k,4LPA to 6LPA,2k to 5k,1k to 2k
1-30-2022 19:41:31,80k to 1.25L,Nil,15 to 25,4,1000 to 2500,Nil,1000 to 2000,500 to 1000,700 to 1000,15k to 20k,500 to 1000,10k to 20k,2LPA to 4LPA,2k to 5k,1k to 2k
1-30-2022 19:43:07,80k to 1.25L,10k to 20k,15 to 25,4,1000 to 2500,Nil,1000 to 2000,500 to 1000,700 to 1000,15k to 20k,500 to 1000,10k to 20k,4LPA to 6LPA,2k to 5k,1k to 2k
1-30-2022 21:14:52,40k to 80k,10k to 20k,15 to 25,2,1000 to 2500,2500 to 5000,500 to 1000,500 to 1000,700 to 1000,< 10k,> 5000,5k to 10k,< 2LPA,2k to 5k,1k to 2k
1-30-2022 22:46:55,40k to 80k,10k to 20k,10 to 15,1,1000 to 2500,Nil,500 to 1000,500 to 1000,700 to 1000,15k to 20k,500 to 1000,5k to 10k,2LPA to 4LPA,2k to 5k,1k to 2k
1-30-2022 22:47:29,< 40k,Nil,< 10,2,1000 to 2500,Nil,500 to 1000,500 to 1000,700 to 1000,< 10k,< 500,10k to 20k,< 2LPA,2k to 5k,1k to 2k
1-30-2022 22:48:22,> 2L,> 20k,15 to 25,3,2500 to 5000,5000 to 10000,> 2000,> 1000,> 1000,10k to 15k,1000 to 5000,10k to 20k,4LPA to 6LPA,> 5k,> 2k
1-30-2022 22:48:59,< 40k,< 10k,< 10,2,1000 to 2500,Nil,1000 to 2000,500 to 1000,< 700,< 10k,500 to 1000,5k to 10k,< 2LPA,< 2k,< 1000
1-30-2022 22:49:45,40k to 80k,< 10k,10 to 15,2,1000 to 2500,Nil,1000 to 2000,> 1000,700 to 1000,< 10k,1000 to 5000,10k to 20k,2LPA to 4LPA,> 5k,> 2k
1-30-2022 22:50:18,< 40k,Nil,15 to 25,3,> 5000,Nil,< 500,< 500,< 700,10k to 15k,500 to 1000,5k to 10k,< 2LPA,< 2k,< 1000
1-30-2022 22:52:06,1.25L to 2L,> 20k,15 to 25,4,2500 to 5000,Nil,1000 to 2000,500 to 1000,700 to 1000,< 10k,500 to 1000,5k to 10k,< 2LPA,2k to 5k,1k to 2k
1-30-2022 22:52:45,> 2L,Nil,> 25,5,> 5000,5000 to 10000,> 2000,> 1000,> 1000,> 20k,> 5000,5k to 10k,2LPA to 4LPA,> 5k,> 2k
1-30-2022 22:53:15,< 40k,10k to 20k,10 to 15,2,1000 to 2500,Nil,500 to 1000,> 1000,700 to 1000,15k to 20k,> 5000,10k to 20k,4LPA to 6LPA,2k to 5k,1k to 2k
1-30-2022 22:55:59,40k to 80k,Nil,10 to 15,2,1000 to 2500,< 2500,500 to 1000,500 to 1000,700 to 1000,10k to 15k,< 500,10k to 20k,2LPA to 4LPA,Nil,> 2k
1-30-2022 22:56:46,> 2L,> 20k,> 25,4,1000 to 2500,5000 to 10000,> 2000,> 1000,> 1000,10k to 15k,1000 to 5000,> 20k,4LPA to 6LPA,> 5k,> 2k
1-30-2022 22:58:11,80k to 1.25L,> 20k,15 to 25,4,2500 to 5000,< 2500,500 to 1000,500 to 1000,700 to 1000,10k to 15k,< 500,10k to 20k,< 2LPA,< 2k,> 2k
1-30-2022 22:59:12,< 40k,Nil,< 10,3,1000 to 2500,Nil,500 to 1000,> 1000,< 700,10k to 15k,500 to 1000,5k to 10k,< 2LPA,2k to 5k,< 1000
1-30-2022 22:59:59,> 2L,Nil,> 25,5,> 5000,Nil,> 2000,500 to 1000,> 1000,15k to 20k,1000 to 5000,10k to 20k,2LPA to 4LPA,< 2k,< 1000
1-30-2022 23:00:55,1.25L to 2L,Nil,10 to 15,2,1000 to 2500,2500 to 5000,500 to 1000,500 to 1000,700 to 1000,10k to 15k,500 to 1000,5k to 10k,2LPA to 4LPA,2k to 5k,1k to 2k
1-30-2022 23:01:25,< 40k,Nil,< 10,1,1000 to 2500,Nil,< 500,< 500,< 700,< 10k,< 500,< 5k,< 2LPA,< 2k,1k to 2k
1-30-2022 23:02:04,40k to 80k,Nil,10 to 15,2,> 5000,Nil,500 to 1000,< 500,700 to 1000,< 10k,500 to 1000,10k to 20k,< 2LPA,< 2k,1k to 2k
1-30-2022 23:02:56,> 2L,Nil,10 to 15,3,2500 to 5000,Nil,500 to 1000,500 to 1000,700 to 1000,< 10k,1000 to 5000,5k to 10k,< 2LPA,2k to 5k,> 2k
1-30-2022 23:03:29,< 40k,Nil,10 to 15,2,1000 to 2500,Nil,500 to 1000,500 to 1000,700 to 1000,< 10k,500 to 1000,5k to 10k,< 2LPA,< 2k,< 1000
1-30-2022 23:04:03,40k to 80k,Nil,< 10,1,< 1000,Nil,500 to 1000,< 500,< 700,10k to 15k,500 to 1000,10k to 20k,2LPA to 4LPA,Nil,1k to 2k
1-30-2022 23:06:33,40k to 80k,Nil,10 to 15,0,< 1000,2500 to 5000,500 to 1000,500 to 1000,< 700,< 10k,> 5000,5k to 10k,< 2LPA,> 5k,1k to 2k
1-30-2022 23:08:13,< 40k,Nil,10 to 15,2,2500 to 5000,Nil,500 to 1000,500 to 1000,700 to 1000,10k to 15k,500 to 1000,5k to 10k,2LPA to 4LPA,Nil,> 2k
1-30-2022 23:08:44,40k to 80k,10k to 20k,15 to 25,4,1000 to 2500,Nil,> 2000,> 1000,> 1000,10k to 15k,1000 to 5000,5k to 10k,< 2LPA,< 2k,1k to 2k
1-30-2022 23:09:36,> 2L,Nil,> 25,3,2500 to 5000,5000 to 10000,1000 to 2000,> 1000,> 1000,15k to 20k,> 5000,> 20k,> 6LPA,Nil,1k to 2k
1-30-2022 23:10:09,1.25L to 2L,> 20k,> 25,2,> 5000,> 10000,> 2000,> 1000,> 1000,15k to 20k,1000 to 5000,> 20k,> 6LPA,Nil,1k to 2k
1-30-2022 23:11:53,< 40k,Nil,15 to 25,3,2500 to 5000,Nil,1000 to 2000,500 to 1000,> 1000,< 10k,500 to 1000,5k to 10k,< 2LPA,2k to 5k,1k to 2k
1-30-2022 23:13:38,< 40k,Nil,10 to 15,2,1000 to 2500,Nil,500 to 1000,> 1000,700 to 1000,10k to 15k,500 to 1000,10k to 20k,2LPA to 4LPA,2k to 5k,< 1000
1-30-2022 23:14:21,> 2L,Nil,15 to 25,4,> 5000,Nil,> 2000,> 1000,> 1000,15k to 20k,1000 to 5000,10k to 20k,< 2LPA,> 5k,> 2k
1-30-2022 23:15:03,< 40k,< 10k,10 to 15,2,2500 to 5000,Nil,500 to 1000,500 to 1000,700 to 1000,10k to 15k,500 to 1000,5k to 10k,2LPA to 4LPA,2k to 5k,1k to 2k
1-30-2022 23:16:15,< 40k,Nil,< 10,1,1000 to 2500,2500 to 5000,> 2000,> 1000,700 to 1000,< 10k,500 to 1000,5k to 10k,< 2LPA,> 5k,1k to 2k
1-30-2022 23:16:59,1.25L to 2L,10k to 20k,15 to 25,3,2500 to 5000,Nil,1000 to 2000,500 to 1000,< 700,15k to 20k,500 to 1000,10k to 20k,< 2LPA,2k to 5k,> 2k
1-31-2022 9:27:35,80k to 1.25L,10k to 20k,10 to 15,3,2500 to 5000,2500 to 5000,500 to 1000,500 to 1000,700 to 1000,10k to 15k,< 500,5k to 10k,2LPA to 4LPA,2k to 5k,1k to 2k
1-31-2022 9:28:14,40k to 80k,Nil,10 to 15,2,1000 to 2500,Nil,500 to 1000,500 to 1000,< 700,< 10k,500 to 1000,5k to 10k,2LPA to 4LPA,2k to 5k,1k to 2k
1-31-2022 9:28:42,80k to 1.25L,< 10k,15 to 25,3,< 1000,Nil,1000 to 2000,500 to 1000,> 1000,15k to 20k,500 to 1000,5k to 10k,4LPA to 6LPA,2k to 5k,1k to 2k
1-31-2022 9:29:14,80k to 1.25L,Nil,10 to 15,3,1000 to 2500,2500 to 5000,1000 to 2000,500 to 1000,> 1000,> 20k,500 to 1000,10k to 20k,2LPA to 4LPA,2k to 5k,1k to 2k
1-31-2022 9:29:45,80k to 1.25L,> 20k,10 to 15,3,1000 to 2500,5000 to 10000,1000 to 2000,500 to 1000,< 700,15k to 20k,1000 to 5000,5k to 10k,< 2LPA,2k to 5k,1k to 2k
1-31-2022 17:02:22,< 40k,Nil,10 to 15,2,1000 to 2500,< 2500,500 to 1000,500 to 1000,< 700,10k to 15k,< 500,10k to 20k,2LPA to 4LPA,2k to 5k,1k to 2k
1-31-2022 17:03:10,1.25L to 2L,< 10k,10 to 15,3,1000 to 2500,Nil,1000 to 2000,> 1000,> 1000,10k to 15k,500 to 1000,5k to 10k,< 2LPA,< 2k,> 2k
1-31-2022 17:03:49,1.25L to 2L,Nil,15 to 25,3,2500 to 5000,Nil,> 2000,> 1000,> 1000,15k to 20k,1000 to 5000,> 20k,4LPA to 6LPA,> 5k,> 2k
1-31-2022 17:04:35,1.25L to 2L,10k to 20k,15 to 25,3,2500 to 5000,Nil,1000 to 2000,> 1000,700 to 1000,> 20k,1000 to 5000,> 20k,2LPA to 4LPA,Nil,> 2k
1-31-2022 17:05:37,< 40k,Nil,10 to 15,2,< 1000,< 2500,1000 to 2000,500 to 1000,< 700,15k to 20k,1000 to 5000,> 20k,> 6LPA,> 5k,> 2k
1-31-2022 21:13:20,< 40k,Nil,15 to 25,0,1000 to 2500,Nil,1000 to 2000,500 to 1000,< 700,10k to 15k,500 to 1000,10k to 20k,< 2LPA,2k to 5k,> 2k
1-31-2022 21:13:54,< 40k,Nil,15 to 25,3,2500 to 5000,Nil,500 to 1000,> 1000,> 1000,10k to 15k,> 5000,> 20k,2LPA to 4LPA,2k to 5k,> 2k
1-31-2022 23:27:53,1.25L to 2L,10k to 20k,15 to 25,2,2500 to 5000,Nil,1000 to 2000,> 1000,700 to 1000,< 10k,500 to 1000,10k to 20k,2LPA to 4LPA,> 5k,> 2k
1-31-2022 23:28:36,> 2L,> 20k,> 25,3,2500 to 5000,Nil,1000 to 2000,> 1000,> 1000,10k to 15k,1000 to 5000,> 20k,> 6LPA,Nil,> 2k
1-31-2022 23:30:26,1.25L to 2L,Nil,15 to 25,2,2500 to 5000,5000 to 10000,> 2000,> 1000,> 1000,15k to 20k,1000 to 5000,10k to 20k,2LPA to 4LPA,> 5k,> 2k
2-1-2022 10:20:12,80k to 1.25L,10k to 20k,10 to 15,4,2500 to 5000,2500 to 5000,500 to 1000,500 to 1000,700 to 1000,10k to 15k,500 to 1000,10k to 20k,2LPA to 4LPA,< 2k,< 1000
2-1-2022 10:20:35,80k to 1.25L,10k to 20k,10 to 15,3,2500 to 5000,2500 to 5000,500 to 1000,500 to 1000,700 to 1000,10k to 15k,500 to 1000,5k to 10k,2LPA to 4LPA,2k to 5k,1k to 2k
2-1-2022 10:21:10,1.25L to 2L,> 20k,10 to 15,3,2500 to 5000,5000 to 10000,1000 to 2000,500 to 1000,700 to 1000,15k to 20k,500 to 1000,10k to 20k,4LPA to 6LPA,2k to 5k,1k to 2k
2-1-2022 10:22:36,80k to 1.25L,Nil,10 to 15,3,2500 to 5000,5000 to 10000,500 to 1000,500 to 1000,700 to 1000,15k to 20k,500 to 1000,> 20k,< 2LPA,2k to 5k,1k to 2k
2-1-2022 10:23:13,80k to 1.25L,Nil,< 10,3,2500 to 5000,Nil,500 to 1000,500 to 1000,700 to 1000,10k to 15k,500 to 1000,5k to 10k,2LPA to 4LPA,2k to 5k,1k to 2k
2-1-2022 10:24:47,80k to 1.25L,10k to 20k,10 to 15,4,1000 to 2500,2500 to 5000,500 to 1000,500 to 1000,700 to 1000,10k to 15k,500 to 1000,5k to 10k,2LPA to 4LPA,2k to 5k,1k to 2k
2-1-2022 10:25:30,1.25L to 2L,10k to 20k,10 to 15,6,2500 to 5000,5000 to 10000,500 to 1000,500 to 1000,700 to 1000,15k to 20k,1000 to 5000,5k to 10k,2LPA to 4LPA,2k to 5k,1k to 2k
2-1-2022 10:50:11,< 40k,Nil,15 to 25,2,2500 to 5000,Nil,1000 to 2000,> 1000,> 1000,< 10k,1000 to 5000,5k to 10k,< 2LPA,2k to 5k,> 2k
2-1-2022 10:50:52,< 40k,< 10k,10 to 15,2,1000 to 2500,Nil,1000 to 2000,> 1000,700 to 1000,< 10k,500 to 1000,10k to 20k,< 2LPA,< 2k,1k to 2k
2-1-2022 10:51:42,1.25L to 2L,10k to 20k,15 to 25,3,2500 to 5000,2500 to 5000,> 2000,> 1000,> 1000,15k to 20k,1000 to 5000,10k to 20k,2LPA to 4LPA,> 5k,> 2k
2-1-2022 10:52:43,40k to 80k,< 10k,10 to 15,2,> 5000,Nil,500 to 1000,< 500,< 700,< 10k,500 to 1000,5k to 10k,4LPA to 6LPA,> 5k,< 1000
2-1-2022 10:53:28,1.25L to 2L,Nil,15 to 25,1,1000 to 2500,< 2500,1000 to 2000,500 to 1000,700 to 1000,< 10k,500 to 1000,10k to 20k,< 2LPA,2k to 5k,1k to 2k
2-1-2022 10:56:23,80k to 1.25L,Nil,> 25,4,> 5000,5000 to 10000,> 2000,> 1000,> 1000,15k to 20k,> 5000,> 20k,> 6LPA,> 5k,> 2k
2-1-2022 10:56:56,40k to 80k,< 10k,15 to 25,2,1000 to 2500,Nil,1000 to 2000,> 1000,700 to 1000,10k to 15k,1000 to 5000,10k to 20k,< 2LPA,2k to 5k,1k to 2k
2-1-2022 11:24:52,1.25L to 2L,10k to 20k,15 to 25,2,2500 to 5000,Nil,> 2000,> 1000,> 1000,15k to 20k,1000 to 5000,10k to 20k,2LPA to 4LPA,2k to 5k,> 2k
2-1-2022 11:25:38,< 40k,< 10k,< 10,1,1000 to 2500,Nil,500 to 1000,< 500,< 700,< 10k,< 500,5k to 10k,< 2LPA,Nil,< 1000
2-1-2022 11:26:27,< 40k,Nil,< 10,1,< 1000,Nil,< 500,< 500,< 700,< 10k,< 500,< 5k,< 2LPA,Nil,< 1000
2-1-2022 11:27:16,40k to 80k,< 10k,15 to 25,2,2500 to 5000,< 2500,1000 to 2000,500 to 1000,< 700,< 10k,500 to 1000,10k to 20k,< 2LPA,2k to 5k,1k to 2k
2-1-2022 11:27:52,< 40k,Nil,10 to 15,2,1000 to 2500,< 2500,500 to 1000,500 to 1000,< 700,10k to 15k,500 to 1000,10k to 20k,2LPA to 4LPA,< 2k,< 1000
2-1-2022 11:28:22,< 40k,Nil,10 to 15,2,1000 to 2500,Nil,500 to 1000,500 to 1000,700 to 1000,10k to 15k,1000 to 5000,10k to 20k,< 2LPA,2k to 5k,< 1000
2-1-2022 12:20:45,< 40k,Nil,10 to 15,2,1000 to 2500,< 2500,500 to 1000,500 to 1000,> 1000,10k to 15k,500 to 1000,5k to 10k,2LPA to 4LPA,Nil,> 2k
2-1-2022 12:21:50,1.25L to 2L,< 10k,15 to 25,3,1000 to 2500,Nil,500 to 1000,500 to 1000,700 to 1000,< 10k,500 to 1000,10k to 20k,< 2LPA,Nil,> 2k
2-1-2022 20:14:44,80k to 1.25L,10k to 20k,10 to 15,1,2500 to 5000,Nil,1000 to 2000,< 500,700 to 1000,15k to 20k,500 to 1000,5k to 10k,2LPA to 4LPA,2k to 5k,< 1000
2-1-2022 21:18:41,80k to 1.25L,> 20k,10 to 15,3,2500 to 5000,2500 to 5000,500 to 1000,500 to 1000,700 to 1000,10k to 15k,500 to 1000,5k to 10k,2LPA to 4LPA,2k to 5k,1k to 2k
2-2-2022 12:49:33,80k to 1.25L,10k to 20k,10 to 15,4,1000 to 2500,2500 to 5000,500 to 1000,500 to 1000,700 to 1000,10k to 15k,500 to 1000,5k to 10k,2LPA to 4LPA,2k to 5k,1k to 2k
2-2-2022 12:52:24,80k to 1.25L,10k to 20k,10 to 15,3,1000 to 2500,Nil,500 to 1000,500 to 1000,700 to 1000,10k to 15k,500 to 1000,5k to 10k,2LPA to 4LPA,2k to 5k,1k to 2k
2-2-2022 13:06:56,40k to 80k,< 10k,< 10,2,1000 to 2500,Nil,500 to 1000,< 500,700 to 1000,10k to 15k,500 to 1000,5k to 10k,2LPA to 4LPA,2k to 5k,< 1000
2-2-2022 13:15:48,40k to 80k,Nil,< 10,2,< 1000,< 2500,< 500,< 500,700 to 1000,< 10k,< 500,5k to 10k,< 2LPA,< 2k,1k to 2k
2-2-2022 20:14:35,1.25L to 2L,10k to 20k,15 to 25,2,> 5000,5000 to 10000,> 2000,> 1000,> 1000,> 20k,1000 to 5000,10k to 20k,2LPA to 4LPA,> 5k,> 2k
2-2-2022 20:23:39,80k to 1.25L,< 10k,10 to 15,3,1000 to 2500,Nil,500 to 1000,> 1000,< 700,10k to 15k,500 to 1000,> 20k,> 6LPA,> 5k,> 2k
2-2-2022 20:24:13,40k to 80k,< 10k,10 to 15,2,1000 to 2500,Nil,500 to 1000,> 1000,700 to 1000,< 10k,> 5000,10k to 20k,2LPA to 4LPA,Nil,1k to 2k
2-2-2022 20:24:39,80k to 1.25L,< 10k,10 to 15,2,1000 to 2500,Nil,1000 to 2000,> 1000,> 1000,10k to 15k,500 to 1000,10k to 20k,< 2LPA,Nil,1k to 2k
2-2-2022 20:25:03,< 40k,Nil,10 to 15,1,2500 to 5000,Nil,> 2000,> 1000,> 1000,10k to 15k,> 5000,10k to 20k,< 2LPA,2k to 5k,< 1000
2-2-2022 20:25:30,80k to 1.25L,10k to 20k,> 25,4,1000 to 2500,2500 to 5000,> 2000,> 1000,> 1000,> 20k,500 to 1000,5k to 10k,2LPA to 4LPA,Nil,< 1000
2-2-2022 20:27:25,< 40k,10k to 20k,< 10,2,1000 to 2500,Nil,500 to 1000,500 to 1000,< 700,< 10k,500 to 1000,> 20k,2LPA to 4LPA,2k to 5k,1k to 2k
2-2-2022 20:38:39,> 2L,> 20k,> 25,4,2500 to 5000,5000 to 10000,1000 to 2000,500 to 1000,700 to 1000,10k to 15k,500 to 1000,10k to 20k,2LPA to 4LPA,2k to 5k,1k to 2k
2-2-2022 20:39:14,< 40k,10k to 20k,10 to 15,2,2500 to 5000,5000 to 10000,1000 to 2000,> 1000,700 to 1000,15k to 20k,1000 to 5000,5k to 10k,< 2LPA,2k to 5k,1k to 2k
2-2-2022 20:39:39,40k to 80k,Nil,10 to 15,3,1000 to 2500,Nil,500 to 1000,500 to 1000,< 700,< 10k,500 to 1000,> 20k,< 2LPA,2k to 5k,1k to 2k
2-2-2022 20:39:49,1.25L to 2L,> 20k,> 25,4,2500 to 5000,5000 to 10000,1000 to 2000,500 to 1000,700 to 1000,> 20k,> 5000,> 20k,4LPA to 6LPA,> 5k,> 2k
2-2-2022 20:40:06,80k to 1.25L,Nil,10 to 15,2,2500 to 5000,2500 to 5000,> 2000,> 1000,> 1000,10k to 15k,500 to 1000,10k to 20k,2LPA to 4LPA,2k to 5k,1k to 2k
2-2-2022 20:40:36,< 40k,< 10k,10 to 15,2,1000 to 2500,Nil,> 2000,> 1000,700 to 1000,10k to 15k,500 to 1000,5k to 10k,< 2LPA,Nil,> 2k
2-2-2022 20:41:25,80k to 1.25L,10k to 20k,15 to 25,3,2500 to 5000,> 10000,> 2000,500 to 1000,> 1000,15k to 20k,1000 to 5000,10k to 20k,< 2LPA,> 5k,> 2k
2-2-2022 20:41:46,40k to 80k,10k to 20k,10 to 15,2,2500 to 5000,5000 to 10000,500 to 1000,500 to 1000,> 1000,15k to 20k,500 to 1000,5k to 10k,2LPA to 4LPA,Nil,> 2k
2-2-2022 20:43:18,80k to 1.25L,> 20k,15 to 25,3,2500 to 5000,Nil,1000 to 2000,> 1000,> 1000,15k to 20k,> 5000,10k to 20k,2LPA to 4LPA,> 5k,1k to 2k
2-2-2022 20:43:45,> 2L,> 20k,> 25,5,> 5000,> 10000,> 2000,> 1000,> 1000,> 20k,> 5000,> 20k,> 6LPA,> 5k,> 2k
2-2-2022 20:44:24,< 40k,Nil,10 to 15,2,< 1000,Nil,500 to 1000,< 500,700 to 1000,< 10k,500 to 1000,5k to 10k,< 2LPA,< 2k,< 1000
2-2-2022 20:45:28,> 2L,> 20k,15 to 25,3,> 5000,Nil,1000 to 2000,> 1000,700 to 1000,< 10k,500 to 1000,10k to 20k,< 2LPA,2k to 5k,1k to 2k
2-2-2022 20:46:21,1.25L to 2L,> 20k,15 to 25,4,1000 to 2500,Nil,500 to 1000,> 1000,700 to 1000,15k to 20k,1000 to 5000,10k to 20k,2LPA to 4LPA,> 5k,> 2k
2-2-2022 20:46:50,40k to 80k,10k to 20k,> 25,3,2500 to 5000,< 2500,> 2000,> 1000,> 1000,10k to 15k,500 to 1000,10k to 20k,2LPA to 4LPA,Nil,< 1000
2-2-2022 20:47:23,> 2L,> 20k,> 25,5,> 5000,> 10000,> 2000,> 1000,> 1000,> 20k,1000 to 5000,10k to 20k,2LPA to 4LPA,Nil,1k to 2k
2-2-2022 20:47:53,> 2L,10k to 20k,> 25,3,2500 to 5000,2500 to 5000,1000 to 2000,> 1000,> 1000,15k to 20k,> 5000,10k to 20k,> 6LPA,> 5k,> 2k
2-2-2022 20:48:22,> 2L,> 20k,10 to 15,2,> 5000,5000 to 10000,> 2000,500 to 1000,> 1000,15k to 20k,1000 to 5000,> 20k,4LPA to 6LPA,> 5k,> 2k
2-2-2022 20:48:44,> 2L,> 20k,> 25,4,> 5000,> 10000,> 2000,> 1000,> 1000,> 20k,> 5000,> 20k,> 6LPA,> 5k,> 2k
2-2-2022 20:49:25,< 40k,< 10k,10 to 15,2,1000 to 2500,< 2500,500 to 1000,500 to 1000,700 to 1000,< 10k,500 to 1000,5k to 10k,2LPA to 4LPA,Nil,1k to 2k
2-2-2022 20:50:01,40k to 80k,10k to 20k,15 to 25,2,1000 to 2500,Nil,> 2000,> 1000,> 1000,10k to 15k,1000 to 5000,10k to 20k,4LPA to 6LPA,> 5k,> 2k
2-2-2022 20:52:27,40k to 80k,< 10k,10 to 15,2,1000 to 2500,Nil,500 to 1000,500 to 1000,> 1000,15k to 20k,1000 to 5000,10k to 20k,2LPA to 4LPA,> 5k,> 2k
2-2-2022 20:52:57,< 40k,10k to 20k,15 to 25,3,2500 to 5000,5000 to 10000,> 2000,> 1000,> 1000,10k to 15k,500 to 1000,5k to 10k,2LPA to 4LPA,2k to 5k,> 2k
2-2-2022 20:53:06,40k to 80k,> 20k,15 to 25,4,1000 to 2500,< 2500,1000 to 2000,500 to 1000,> 1000,15k to 20k,500 to 1000,5k to 10k,> 6LPA,2k to 5k,1k to 2k
2-2-2022 20:53:28,40k to 80k,10k to 20k,15 to 25,3,1000 to 2500,< 2500,500 to 1000,> 1000,> 1000,10k to 15k,1000 to 5000,10k to 20k,2LPA to 4LPA,2k to 5k,1k to 2k
2-2-2022 20:53:36,< 40k,< 10k,< 10,6,1000 to 2500,< 2500,1000 to 2000,> 1000,> 1000,15k to 20k,500 to 1000,5k to 10k,2LPA to 4LPA,Nil,< 1000
2-2-2022 20:53:55,1.25L to 2L,> 20k,15 to 25,3,2500 to 5000,5000 to 10000,500 to 1000,500 to 1000,> 1000,10k to 15k,1000 to 5000,> 20k,4LPA to 6LPA,> 5k,> 2k
2-2-2022 20:54:03,80k to 1.25L,> 20k,> 25,2,< 1000,2500 to 5000,1000 to 2000,500 to 1000,700 to 1000,15k to 20k,> 5000,< 5k,> 6LPA,2k to 5k,1k to 2k
2-2-2022 20:54:19,40k to 80k,> 20k,15 to 25,3,2500 to 5000,Nil,500 to 1000,> 1000,700 to 1000,15k to 20k,1000 to 5000,5k to 10k,2LPA to 4LPA,2k to 5k,> 2k
2-2-2022 20:55:05,1.25L to 2L,10k to 20k,15 to 25,5,2500 to 5000,Nil,1000 to 2000,> 1000,> 1000,15k to 20k,1000 to 5000,5k to 10k,2LPA to 4LPA,> 5k,> 2k
2-2-2022 20:55:30,80k to 1.25L,10k to 20k,15 to 25,3,1000 to 2500,5000 to 10000,> 2000,> 1000,> 1000,> 20k,> 5000,> 20k,> 6LPA,Nil,> 2k
2-2-2022 20:55:54,80k to 1.25L,10k to 20k,15 to 25,5,1000 to 2500,5000 to 10000,> 2000,> 1000,700 to 1000,15k to 20k,1000 to 5000,5k to 10k,4LPA to 6LPA,2k to 5k,1k to 2k
2-2-2022 20:56:25,80k to 1.25L,> 20k,15 to 25,4,> 5000,Nil,500 to 1000,> 1000,> 1000,15k to 20k,1000 to 5000,5k to 10k,2LPA to 4LPA,2k to 5k,> 2k
2-2-2022 20:57:25,40k to 80k,Nil,15 to 25,4,1000 to 2500,2500 to 5000,500 to 1000,> 1000,700 to 1000,> 20k,> 5000,> 20k,4LPA to 6LPA,> 5k,1k to 2k
2-2-2022 20:57:48,80k to 1.25L,10k to 20k,10 to 15,5,1000 to 2500,2500 to 5000,500 to 1000,> 1000,> 1000,15k to 20k,1000 to 5000,10k to 20k,> 6LPA,> 5k,1k to 2k
2-2-2022 20:58:14,80k to 1.25L,10k to 20k,10 to 15,3,2500 to 5000,5000 to 10000,1000 to 2000,500 to 1000,> 1000,> 20k,500 to 1000,10k to 20k,4LPA to 6LPA,2k to 5k,1k to 2k
2-2-2022 20:58:49,< 40k,< 10k,10 to 15,3,2500 to 5000,2500 to 5000,500 to 1000,500 to 1000,700 to 1000,10k to 15k,500 to 1000,5k to 10k,< 2LPA,2k to 5k,1k to 2k
2-2-2022 20:59:14,40k to 80k,10k to 20k,10 to 15,2,2500 to 5000,2500 to 5000,500 to 1000,500 to 1000,> 1000,10k to 15k,500 to 1000,10k to 20k,2LPA to 4LPA,2k to 5k,1k to 2k
2-2-2022 20:59:39,40k to 80k,10k to 20k,10 to 15,3,2500 to 5000,5000 to 10000,> 2000,> 1000,> 1000,10k to 15k,500 to 1000,5k to 10k,2LPA to 4LPA,> 5k,> 2k
2-2-2022 21:00:11,< 40k,< 10k,< 10,3,1000 to 2500,5000 to 10000,500 to 1000,> 1000,> 1000,10k to 15k,500 to 1000,10k to 20k,< 2LPA,Nil,> 2k
2-2-2022 21:00:38,< 40k,< 10k,10 to 15,2,< 1000,< 2500,< 500,500 to 1000,> 1000,< 10k,500 to 1000,5k to 10k,4LPA to 6LPA,< 2k,1k to 2k
2-2-2022 21:00:39,> 2L,> 20k,15 to 25,3,> 5000,> 10000,1000 to 2000,> 1000,> 1000,10k to 15k,1000 to 5000,> 20k,4LPA to 6LPA,> 5k,1k to 2k
2-2-2022 21:01:07,1.25L to 2L,10k to 20k,10 to 15,3,2500 to 5000,5000 to 10000,1000 to 2000,500 to 1000,> 1000,15k to 20k,1000 to 5000,10k to 20k,< 2LPA,> 5k,> 2k
2-2-2022 21:01:16,80k to 1.25L,< 10k,10 to 15,3,2500 to 5000,2500 to 5000,< 500,500 to 1000,700 to 1000,10k to 15k,500 to 1000,5k to 10k,< 2LPA,2k to 5k,1k to 2k
2-2-2022 21:01:49,40k to 80k,> 20k,10 to 15,3,1000 to 2500,< 2500,< 500,500 to 1000,> 1000,15k to 20k,1000 to 5000,> 20k,2LPA to 4LPA,Nil,1k to 2k
2-2-2022 21:01:53,80k to 1.25L,10k to 20k,15 to 25,2,1000 to 2500,> 10000,500 to 1000,> 1000,700 to 1000,10k to 15k,1000 to 5000,10k to 20k,2LPA to 4LPA,> 5k,> 2k
2-2-2022 21:02:21,80k to 1.25L,> 20k,15 to 25,2,2500 to 5000,5000 to 10000,1000 to 2000,500 to 1000,700 to 1000,10k to 15k,500 to 1000,10k to 20k,2LPA to 4LPA,> 5k,1k to 2k
2-2-2022 21:02:21,40k to 80k,> 20k,> 25,4,1000 to 2500,2500 to 5000,1000 to 2000,< 500,700 to 1000,10k to 15k,< 500,< 5k,4LPA to 6LPA,> 5k,1k to 2k
2-2-2022 21:02:45,80k to 1.25L,> 20k,15 to 25,2,2500 to 5000,> 10000,1000 to 2000,500 to 1000,> 1000,15k to 20k,1000 to 5000,> 20k,> 6LPA,< 2k,> 2k
2-2-2022 21:02:59,80k to 1.25L,> 20k,15 to 25,3,1000 to 2500,> 10000,1000 to 2000,> 1000,> 1000,15k to 20k,1000 to 5000,10k to 20k,4LPA to 6LPA,> 5k,> 2k
2-2-2022 21:03:14,40k to 80k,Nil,10 to 15,2,1000 to 2500,Nil,1000 to 2000,500 to 1000,> 1000,15k to 20k,500 to 1000,5k to 10k,2LPA to 4LPA,2k to 5k,> 2k
2-2-2022 21:03:38,80k to 1.25L,> 20k,15 to 25,1,2500 to 5000,5000 to 10000,1000 to 2000,500 to 1000,700 to 1000,10k to 15k,> 5000,< 5k,< 2LPA,< 2k,1k to 2k
2-2-2022 21:04:22,80k to 1.25L,10k to 20k,< 10,3,2500 to 5000,2500 to 5000,1000 to 2000,500 to 1000,700 to 1000,15k to 20k,1000 to 5000,10k to 20k,4LPA to 6LPA,< 2k,< 1000
2-2-2022 21:04:23,80k to 1.25L,10k to 20k,15 to 25,2,1000 to 2500,5000 to 10000,1000 to 2000,> 1000,700 to 1000,15k to 20k,1000 to 5000,10k to 20k,2LPA to 4LPA,> 5k,1k to 2k
2-2-2022 21:04:48,40k to 80k,Nil,15 to 25,3,2500 to 5000,2500 to 5000,> 2000,> 1000,> 1000,15k to 20k,1000 to 5000,10k to 20k,2LPA to 4LPA,2k to 5k,> 2k
2-2-2022 21:04:57,1.25L to 2L,> 20k,10 to 15,2,1000 to 2500,2500 to 5000,1000 to 2000,< 500,700 to 1000,< 10k,< 500,< 5k,2LPA to 4LPA,< 2k,< 1000
2-2-2022 21:05:32,1.25L to 2L,10k to 20k,10 to 15,3,1000 to 2500,< 2500,500 to 1000,> 1000,700 to 1000,15k to 20k,> 5000,> 20k,< 2LPA,2k to 5k,> 2k
2-2-2022 21:05:57,80k to 1.25L,10k to 20k,15 to 25,4,2500 to 5000,5000 to 10000,1000 to 2000,> 1000,> 1000,15k to 20k,500 to 1000,10k to 20k,2LPA to 4LPA,2k to 5k,< 1000
2-2-2022 21:06:27,< 40k,< 10k,10 to 15,2,1000 to 2500,< 2500,< 500,500 to 1000,> 1000,10k to 15k,1000 to 5000,10k to 20k,< 2LPA,< 2k,< 1000
2-2-2022 21:07:01,> 2L,> 20k,> 25,4,2500 to 5000,Nil,1000 to 2000,500 to 1000,> 1000,> 20k,1000 to 5000,10k to 20k,2LPA to 4LPA,2k to 5k,> 2k
2-2-2022 21:08:24,40k to 80k,Nil,15 to 25,2,1000 to 2500,> 10000,> 2000,500 to 1000,700 to 1000,> 20k,> 5000,10k to 20k,> 6LPA,2k to 5k,1k to 2k
2-2-2022 21:09:11,40k to 80k,10k to 20k,10 to 15,0,2500 to 5000,5000 to 10000,1000 to 2000,> 1000,700 to 1000,10k to 15k,1000 to 5000,< 5k,< 2LPA,< 2k,1k to 2k
2-2-2022 21:23:35,< 40k,< 10k,10 to 15,2,1000 to 2500,2500 to 5000,> 2000,> 1000,> 1000,10k to 15k,1000 to 5000,10k to 20k,< 2LPA,2k to 5k,1k to 2k
2-2-2022 21:24:04,80k to 1.25L,10k to 20k,15 to 25,2,2500 to 5000,2500 to 5000,1000 to 2000,> 1000,700 to 1000,10k to 15k,1000 to 5000,10k to 20k,2LPA to 4LPA,> 5k,> 2k
2-2-2022 21:24:41,> 2L,> 20k,15 to 25,3,1000 to 2500,5000 to 10000,1000 to 2000,> 1000,> 1000,15k to 20k,500 to 1000,10k to 20k,2LPA to 4LPA,2k to 5k,1k to 2k
2-2-2022 21:25:37,80k to 1.25L,> 20k,15 to 25,1,2500 to 5000,> 10000,> 2000,> 1000,> 1000,> 20k,> 5000,10k to 20k,2LPA to 4LPA,2k to 5k,> 2k
2-2-2022 21:26:17,1.25L to 2L,10k to 20k,> 25,4,> 5000,Nil,> 2000,> 1000,> 1000,15k to 20k,1000 to 5000,> 20k,2LPA to 4LPA,> 5k,> 2k
2-2-2022 21:31:30,< 40k,Nil,10 to 15,3,> 5000,5000 to 10000,> 2000,> 1000,> 1000,15k to 20k,1000 to 5000,10k to 20k,2LPA to 4LPA,> 5k,> 2k
2-2-2022 21:31:54,< 40k,10k to 20k,> 25,3,1000 to 2500,Nil,500 to 1000,> 1000,> 1000,10k to 15k,1000 to 5000,10k to 20k,< 2LPA,2k to 5k,1k to 2k
2-2-2022 21:32:22,< 40k,10k to 20k,10 to 15,2,2500 to 5000,> 10000,500 to 1000,500 to 1000,> 1000,> 20k,1000 to 5000,5k to 10k,< 2LPA,2k to 5k,> 2k
2-2-2022 21:32:42,< 40k,< 10k,< 10,1,< 1000,< 2500,< 500,< 500,> 1000,< 10k,< 500,< 5k,< 2LPA,2k to 5k,> 2k
2-2-2022 21:34:56,< 40k,10k to 20k,10 to 15,2,1000 to 2500,Nil,< 500,500 to 1000,> 1000,15k to 20k,1000 to 5000,10k to 20k,2LPA to 4LPA,> 5k,1k to 2k
2-2-2022 21:35:24,1.25L to 2L,10k to 20k,10 to 15,3,2500 to 5000,< 2500,> 2000,> 1000,> 1000,10k to 15k,1000 to 5000,5k to 10k,2LPA to 4LPA,Nil,< 1000
2-2-2022 21:35:48,< 40k,Nil,10 to 15,3,< 1000,2500 to 5000,1000 to 2000,500 to 1000,> 1000,10k to 15k,< 500,5k to 10k,< 2LPA,2k to 5k,1k to 2k
2-2-2022 21:36:10,< 40k,> 20k,10 to 15,3,2500 to 5000,2500 to 5000,500 to 1000,> 1000,700 to 1000,10k to 15k,1000 to 5000,10k to 20k,2LPA to 4LPA,2k to 5k,1k to 2k
2-2-2022 21:39:56,40k to 80k,10k to 20k,10 to 15,3,2500 to 5000,Nil,1000 to 2000,> 1000,700 to 1000,10k to 15k,1000 to 5000,> 20k,2LPA to 4LPA,> 5k,1k to 2k
2-2-2022 21:40:17,< 40k,10k to 20k,15 to 25,3,1000 to 2500,> 10000,> 2000,> 1000,> 1000,10k to 15k,1000 to 5000,10k to 20k,2LPA to 4LPA,2k to 5k,> 2k
2-2-2022 21:40:38,40k to 80k,10k to 20k,15 to 25,3,2500 to 5000,Nil,1000 to 2000,500 to 1000,700 to 1000,10k to 15k,1000 to 5000,10k to 20k,2LPA to 4LPA,2k to 5k,1k to 2k
2-2-2022 21:40:59,40k to 80k,< 10k,10 to 15,3,1000 to 2500,5000 to 10000,1000 to 2000,> 1000,> 1000,10k to 15k,500 to 1000,10k to 20k,2LPA to 4LPA,2k to 5k,< 1000
2-2-2022 21:41:23,< 40k,10k to 20k,< 10,1,< 1000,< 2500,500 to 1000,500 to 1000,700 to 1000,< 10k,< 500,5k to 10k,2LPA to 4LPA,< 2k,< 1000
2-2-2022 21:41:48,80k to 1.25L,10k to 20k,> 25,5,1000 to 2500,5000 to 10000,1000 to 2000,> 1000,700 to 1000,10k to 15k,500 to 1000,> 20k,2LPA to 4LPA,> 5k,> 2k
2-2-2022 21:42:09,< 40k,< 10k,10 to 15,2,1000 to 2500,2500 to 5000,> 2000,> 1000,> 1000,15k to 20k,> 5000,5k to 10k,4LPA to 6LPA,2k to 5k,> 2k
2-2-2022 21:48:11,< 40k,Nil,10 to 15,3,2500 to 5000,5000 to 10000,1000 to 2000,> 1000,> 1000,15k to 20k,> 5000,10k to 20k,2LPA to 4LPA,Nil,> 2k
2-2-2022 21:48:55,< 40k,10k to 20k,10 to 15,2,1000 to 2500,Nil,1000 to 2000,> 1000,> 1000,10k to 15k,1000 to 5000,> 20k,< 2LPA,> 5k,< 1000
2-2-2022 21:49:17,40k to 80k,10k to 20k,< 10,1,1000 to 2500,2500 to 5000,1000 to 2000,> 1000,> 1000,10k to 15k,> 5000,5k to 10k,2LPA to 4LPA,2k to 5k,> 2k
2-2-2022 21:49:44,40k to 80k,10k to 20k,10 to 15,2,> 5000,2500 to 5000,1000 to 2000,> 1000,700 to 1000,15k to 20k,500 to 1000,> 20k,2LPA to 4LPA,> 5k,> 2k
2-2-2022 22:32:28,40k to 80k,10k to 20k,10 to 15,4,1000 to 2500,2500 to 5000,500 to 1000,500 to 1000,700 to 1000,10k to 15k,500 to 1000,5k to 10k,2LPA to 4LPA,2k to 5k,1k to 2k
2-2-2022 22:32:56,40k to 80k,10k to 20k,10 to 15,3,1000 to 2500,2500 to 5000,500 to 1000,500 to 1000,700 to 1000,10k to 15k,500 to 1000,5k to 10k,2LPA to 4LPA,2k to 5k,1k to 2k
2-2-2022 22:33:46,1.25L to 2L,Nil,10 to 15,4,1000 to 2500,Nil,1000 to 2000,500 to 1000,700 to 1000,10k to 15k,500 to 1000,10k to 20k,4LPA to 6LPA,2k to 5k,1k to 2k
2-2-2022 22:35:59,80k to 1.25L,10k to 20k,< 10,3,1000 to 2500,2500 to 5000,500 to 1000,500 to 1000,700 to 1000,10k to 15k,500 to 1000,5k to 10k,2LPA to 4LPA,2k to 5k,1k to 2k
2-2-2022 22:41:35,80k to 1.25L,> 20k,15 to 25,3,2500 to 5000,2500 to 5000,500 to 1000,500 to 1000,700 to 1000,10k to 15k,500 to 1000,5k to 10k,2LPA to 4LPA,2k to 5k,1k to 2k
2-2-2022 22:41:57,40k to 80k,10k to 20k,10 to 15,3,1000 to 2500,2500 to 5000,500 to 1000,500 to 1000,700 to 1000,10k to 15k,500 to 1000,5k to 10k,2LPA to 4LPA,2k to 5k,1k to 2k
2-2-2022 22:43:59,> 2L,10k to 20k,10 to 15,3,1000 to 2500,5000 to 10000,500 to 1000,500 to 1000,700 to 1000,10k to 15k,500 to 1000,5k to 10k,2LPA to 4LPA,2k to 5k,1k to 2k
2-2-2022 22:44:48,40k to 80k,10k to 20k,10 to 15,3,1000 to 2500,2500 to 5000,500 to 1000,500 to 1000,700 to 1000,10k to 15k,500 to 1000,10k to 20k,2LPA to 4LPA,2k to 5k,1k to 2k
2-2-2022 22:45:59,1.25L to 2L,Nil,10 to 15,4,1000 to 2500,2500 to 5000,500 to 1000,500 to 1000,700 to 1000,10k to 15k,500 to 1000,5k to 10k,> 6LPA,2k to 5k,> 2k
2-2-2022 22:46:58,40k to 80k,10k to 20k,10 to 15,4,> 5000,2500 to 5000,500 to 1000,500 to 1000,700 to 1000,10k to 15k,500 to 1000,5k to 10k,2LPA to 4LPA,2k to 5k,1k to 2k
2-2-2022 22:48:28,40k to 80k,10k to 20k,10 to 15,3,2500 to 5000,2500 to 5000,500 to 1000,500 to 1000,700 to 1000,10k to 15k,500 to 1000,5k to 10k,2LPA to 4LPA,2k to 5k,1k to 2k
2-2-2022 22:49:59,1.25L to 2L,10k to 20k,10 to 15,3,1000 to 2500,5000 to 10000,500 to 1000,500 to 1000,700 to 1000,10k to 15k,1000 to 5000,5k to 10k,2LPA to 4LPA,2k to 5k,1k to 2k
2-2-2022 22:52:41,80k to 1.25L,10k to 20k,10 to 15,3,1000 to 2500,5000 to 10000,500 to 1000,500 to 1000,700 to 1000,10k to 15k,500 to 1000,5k to 10k,2LPA to 4LPA,2k to 5k,1k to 2k
2-2-2022 22:53:51,80k to 1.25L,10k to 20k,10 to 15,4,1000 to 2500,2500 to 5000,500 to 1000,500 to 1000,700 to 1000,10k to 15k,500 to 1000,5k to 10k,2LPA to 4LPA,2k to 5k,1k to 2k
2-2-2022 22:55:16,80k to 1.25L,10k to 20k,10 to 15,4,1000 to 2500,2500 to 5000,500 to 1000,500 to 1000,700 to 1000,10k to 15k,500 to 1000,5k to 10k,2LPA to 4LPA,2k to 5k,1k to 2k
2-2-2022 22:56:15,80k to 1.25L,10k to 20k,10 to 15,3,1000 to 2500,5000 to 10000,500 to 1000,500 to 1000,700 to 1000,10k to 15k,500 to 1000,5k to 10k,2LPA to 4LPA,2k to 5k,1k to 2k
2-2-2022 22:56:31,1.25L to 2L,Nil,15 to 25,2,2500 to 5000,5000 to 10000,> 2000,> 1000,> 1000,10k to 15k,1000 to 5000,10k to 20k,2LPA to 4LPA,2k to 5k,> 2k
2-2-2022 22:56:58,80k to 1.25L,10k to 20k,> 25,5,1000 to 2500,Nil,1000 to 2000,500 to 1000,> 1000,10k to 15k,> 5000,> 20k,2LPA to 4LPA,Nil,< 1000
2-2-2022 22:57:29,< 40k,< 10k,10 to 15,2,1000 to 2500,Nil,1000 to 2000,500 to 1000,> 1000,10k to 15k,> 5000,10k to 20k,2LPA to 4LPA,> 5k,> 2k
2-2-2022 22:58:43,< 40k,< 10k,< 10,1,< 1000,Nil,500 to 1000,500 to 1000,700 to 1000,< 10k,500 to 1000,5k to 10k,2LPA to 4LPA,> 5k,1k to 2k
2-2-2022 22:59:08,< 40k,10k to 20k,10 to 15,3,1000 to 2500,Nil,500 to 1000,500 to 1000,> 1000,15k to 20k,1000 to 5000,5k to 10k,4LPA to 6LPA,> 5k,1k to 2k
2-2-2022 23:00:04,< 40k,Nil,10 to 15,2,1000 to 2500,5000 to 10000,1000 to 2000,> 1000,> 1000,15k to 20k,1000 to 5000,10k to 20k,< 2LPA,Nil,1k to 2k
2-2-2022 23:00:31,< 40k,Nil,10 to 15,2,1000 to 2500,< 2500,500 to 1000,500 to 1000,> 1000,10k to 15k,500 to 1000,5k to 10k,4LPA to 6LPA,< 2k,< 1000
2-2-2022 23:00:54,40k to 80k,< 10k,> 25,3,2500 to 5000,2500 to 5000,1000 to 2000,> 1000,< 700,10k to 15k,500 to 1000,> 20k,< 2LPA,2k to 5k,1k to 2k
2-2-2022 23:01:23,< 40k,Nil,10 to 15,2,> 5000,2500 to 5000,> 2000,> 1000,> 1000,15k to 20k,1000 to 5000,10k to 20k,2LPA to 4LPA,Nil,< 1000
2-2-2022 23:01:47,< 40k,Nil,10 to 15,3,2500 to 5000,2500 to 5000,500 to 1000,> 1000,700 to 1000,15k to 20k,1000 to 5000,10k to 20k,2LPA to 4LPA,> 5k,1k to 2k
2-2-2022 23:02:11,< 40k,10k to 20k,15 to 25,4,2500 to 5000,Nil,1000 to 2000,> 1000,> 1000,10k to 15k,500 to 1000,10k to 20k,2LPA to 4LPA,> 5k,1k to 2k
2-2-2022 23:02:35,80k to 1.25L,> 20k,15 to 25,3,2500 to 5000,> 10000,1000 to 2000,500 to 1000,> 1000,15k to 20k,> 5000,10k to 20k,> 6LPA,> 5k,< 1000
2-2-2022 23:02:45,40k to 80k,10k to 20k,< 10,1,< 1000,Nil,500 to 1000,500 to 1000,700 to 1000,< 10k,< 500,5k to 10k,< 2LPA,Nil,< 1000
2-2-2022 23:03:27,80k to 1.25L,10k to 20k,10 to 15,2,2500 to 5000,5000 to 10000,1000 to 2000,500 to 1000,700 to 1000,15k to 20k,1000 to 5000,5k to 10k,2LPA to 4LPA,2k to 5k,< 1000
2-2-2022 23:03:27,> 2L,> 20k,15 to 25,4,2500 to 5000,> 10000,> 2000,> 1000,> 1000,15k to 20k,1000 to 5000,> 20k,> 6LPA,2k to 5k,1k to 2k
2-2-2022 23:03:50,1.25L to 2L,10k to 20k,< 10,1,2500 to 5000,Nil,1000 to 2000,> 1000,> 1000,15k to 20k,1000 to 5000,10k to 20k,4LPA to 6LPA,> 5k,1k to 2k
2-2-2022 23:03:54,1.25L to 2L,10k to 20k,10 to 15,3,2500 to 5000,2500 to 5000,500 to 1000,500 to 1000,700 to 1000,15k to 20k,1000 to 5000,10k to 20k,2LPA to 4LPA,2k to 5k,1k to 2k
2-2-2022 23:04:14,< 40k,< 10k,< 10,2,< 1000,< 2500,500 to 1000,> 1000,< 700,10k to 15k,500 to 1000,5k to 10k,2LPA to 4LPA,2k to 5k,1k to 2k
2-2-2022 23:04:29,1.25L to 2L,10k to 20k,10 to 15,3,1000 to 2500,Nil,500 to 1000,500 to 1000,700 to 1000,10k to 15k,500 to 1000,5k to 10k,2LPA to 4LPA,2k to 5k,< 1000
2-2-2022 23:04:36,80k to 1.25L,10k to 20k,15 to 25,3,2500 to 5000,5000 to 10000,500 to 1000,500 to 1000,> 1000,10k to 15k,500 to 1000,5k to 10k,4LPA to 6LPA,> 5k,> 2k
2-2-2022 23:04:59,< 40k,Nil,< 10,2,2500 to 5000,Nil,> 2000,500 to 1000,> 1000,> 20k,1000 to 5000,10k to 20k,< 2LPA,< 2k,< 1000
2-2-2022 23:04:59,1.25L to 2L,10k to 20k,15 to 25,3,1000 to 2500,Nil,500 to 1000,500 to 1000,700 to 1000,10k to 15k,500 to 1000,5k to 10k,2LPA to 4LPA,2k to 5k,1k to 2k
2-2-2022 23:05:25,> 2L,> 20k,> 25,1,< 1000,Nil,> 2000,> 1000,> 1000,15k to 20k,1000 to 5000,10k to 20k,> 6LPA,Nil,> 2k
2-2-2022 23:06:31,< 40k,Nil,10 to 15,2,2500 to 5000,2500 to 5000,1000 to 2000,> 1000,700 to 1000,> 20k,1000 to 5000,10k to 20k,< 2LPA,< 2k,< 1000
2-2-2022 23:07:01,< 40k,< 10k,10 to 15,3,1000 to 2500,5000 to 10000,1000 to 2000,< 500,> 1000,10k to 15k,1000 to 5000,> 20k,2LPA to 4LPA,Nil,1k to 2k
2-2-2022 23:07:23,< 40k,10k to 20k,> 25,4,2500 to 5000,Nil,1000 to 2000,> 1000,> 1000,> 20k,500 to 1000,> 20k,4LPA to 6LPA,2k to 5k,1k to 2k
2-2-2022 23:07:36,80k to 1.25L,10k to 20k,10 to 15,3,1000 to 2500,5000 to 10000,500 to 1000,500 to 1000,700 to 1000,10k to 15k,500 to 1000,5k to 10k,2LPA to 4LPA,2k to 5k,1k to 2k
2-2-2022 23:07:55,80k to 1.25L,> 20k,< 10,1,< 1000,2500 to 5000,500 to 1000,500 to 1000,> 1000,15k to 20k,> 5000,10k to 20k,2LPA to 4LPA,Nil,< 1000
2-2-2022 23:08:03,80k to 1.25L,10k to 20k,10 to 15,4,2500 to 5000,5000 to 10000,500 to 1000,500 to 1000,700 to 1000,10k to 15k,500 to 1000,5k to 10k,2LPA to 4LPA,2k to 5k,1k to 2k
2-2-2022 23:08:34,> 2L,Nil,> 25,4,2500 to 5000,Nil,> 2000,> 1000,> 1000,> 20k,> 5000,> 20k,> 6LPA,> 5k,> 2k
2-2-2022 23:08:45,< 40k,Nil,10 to 15,1,> 5000,2500 to 5000,1000 to 2000,> 1000,> 1000,15k to 20k,1000 to 5000,10k to 20k,< 2LPA,< 2k,> 2k
2-2-2022 23:09:08,> 2L,> 20k,15 to 25,5,> 5000,2500 to 5000,> 2000,> 1000,> 1000,15k to 20k,> 5000,10k to 20k,4LPA to 6LPA,Nil,> 2k
2-2-2022 23:09:30,< 40k,< 10k,10 to 15,2,1000 to 2500,5000 to 10000,> 2000,> 1000,> 1000,15k to 20k,1000 to 5000,> 20k,< 2LPA,2k to 5k,> 2k
2-2-2022 23:09:43,80k to 1.25L,10k to 20k,10 to 15,3,1000 to 2500,2500 to 5000,500 to 1000,500 to 1000,700 to 1000,10k to 15k,500 to 1000,10k to 20k,4LPA to 6LPA,2k to 5k,1k to 2k
2-2-2022 23:09:53,40k to 80k,10k to 20k,10 to 15,1,2500 to 5000,< 2500,> 2000,< 500,> 1000,> 20k,> 5000,5k to 10k,> 6LPA,Nil,< 1000
2-2-2022 23:10:25,1.25L to 2L,> 20k,15 to 25,4,2500 to 5000,Nil,1000 to 2000,500 to 1000,700 to 1000,> 20k,1000 to 5000,10k to 20k,4LPA to 6LPA,2k to 5k,1k to 2k
2-2-2022 23:10:31,> 2L,Nil,10 to 15,2,> 5000,5000 to 10000,500 to 1000,> 1000,> 1000,15k to 20k,500 to 1000,5k to 10k,2LPA to 4LPA,> 5k,> 2k
2-2-2022 23:10:51,40k to 80k,< 10k,10 to 15,2,> 5000,5000 to 10000,1000 to 2000,> 1000,> 1000,10k to 15k,1000 to 5000,> 20k,4LPA to 6LPA,> 5k,> 2k
2-2-2022 23:11:12,80k to 1.25L,Nil,15 to 25,3,2500 to 5000,5000 to 10000,1000 to 2000,500 to 1000,700 to 1000,10k to 15k,500 to 1000,5k to 10k,2LPA to 4LPA,2k to 5k,1k to 2k
2-2-2022 23:11:13,1.25L to 2L,Nil,10 to 15,3,2500 to 5000,2500 to 5000,500 to 1000,500 to 1000,< 700,10k to 15k,500 to 1000,< 5k,2LPA to 4LPA,< 2k,< 1000
2-2-2022 23:11:32,< 40k,Nil,< 10,1,< 1000,< 2500,< 500,< 500,< 700,< 10k,< 500,< 5k,2LPA to 4LPA,2k to 5k,1k to 2k
2-2-2022 23:11:41,1.25L to 2L,10k to 20k,10 to 15,4,2500 to 5000,2500 to 5000,500 to 1000,500 to 1000,700 to 1000,10k to 15k,500 to 1000,5k to 10k,2LPA to 4LPA,2k to 5k,1k to 2k
2-2-2022 23:11:58,80k to 1.25L,> 20k,> 25,5,2500 to 5000,Nil,> 2000,500 to 1000,> 1000,15k to 20k,1000 to 5000,> 20k,2LPA to 4LPA,2k to 5k,< 1000
2-2-2022 23:12:21,> 2L,Nil,> 25,1,> 5000,Nil,500 to 1000,< 500,< 700,10k to 15k,500 to 1000,5k to 10k,2LPA to 4LPA,Nil,< 1000
2-2-2022 23:12:32,80k to 1.25L,> 20k,10 to 15,3,1000 to 2500,5000 to 10000,500 to 1000,500 to 1000,700 to 1000,10k to 15k,500 to 1000,10k to 20k,2LPA to 4LPA,2k to 5k,1k to 2k
2-2-2022 23:12:42,40k to 80k,> 20k,10 to 15,2,1000 to 2500,2500 to 5000,> 2000,> 1000,< 700,< 10k,500 to 1000,5k to 10k,2LPA to 4LPA,> 5k,> 2k
2-2-2022 23:13:02,1.25L to 2L,10k to 20k,15 to 25,4,2500 to 5000,Nil,500 to 1000,500 to 1000,700 to 1000,15k to 20k,< 500,> 20k,2LPA to 4LPA,2k to 5k,1k to 2k
2-2-2022 23:13:03,40k to 80k,Nil,10 to 15,3,2500 to 5000,2500 to 5000,1000 to 2000,> 1000,700 to 1000,10k to 15k,500 to 1000,5k to 10k,2LPA to 4LPA,Nil,> 2k
2-2-2022 23:13:28,1.25L to 2L,10k to 20k,10 to 15,3,2500 to 5000,5000 to 10000,500 to 1000,500 to 1000,700 to 1000,10k to 15k,500 to 1000,5k to 10k,2LPA to 4LPA,2k to 5k,1k to 2k
2-2-2022 23:15:03,< 40k,< 10k,15 to 25,2,1000 to 2500,2500 to 5000,> 2000,> 1000,> 1000,10k to 15k,500 to 1000,5k to 10k,2LPA to 4LPA,Nil,< 1000
2-2-2022 23:15:27,80k to 1.25L,> 20k,10 to 15,2,> 5000,5000 to 10000,500 to 1000,500 to 1000,> 1000,15k to 20k,500 to 1000,5k to 10k,2LPA to 4LPA,< 2k,1k to 2k
2-2-2022 23:15:47,< 40k,10k to 20k,> 25,3,1000 to 2500,5000 to 10000,1000 to 2000,> 1000,> 1000,15k to 20k,500 to 1000,< 5k,4LPA to 6LPA,> 5k,1k to 2k
2-2-2022 23:16:07,> 2L,10k to 20k,10 to 15,3,> 5000,5000 to 10000,> 2000,> 1000,> 1000,15k to 20k,1000 to 5000,10k to 20k,2LPA to 4LPA,2k to 5k,< 1000
2-2-2022 23:16:34,> 2L,> 20k,15 to 25,3,2500 to 5000,5000 to 10000,500 to 1000,500 to 1000,> 1000,15k to 20k,> 5000,5k to 10k,2LPA to 4LPA,2k to 5k,< 1000
2-2-2022 23:16:55,> 2L,10k to 20k,> 25,2,> 5000,> 10000,< 500,500 to 1000,> 1000,> 20k,> 5000,10k to 20k,> 6LPA,> 5k,< 1000
2-2-2022 23:17:14,40k to 80k,> 20k,< 10,1,1000 to 2500,2500 to 5000,< 500,500 to 1000,> 1000,15k to 20k,1000 to 5000,> 20k,< 2LPA,2k to 5k,< 1000
2-2-2022 23:18:08,> 2L,10k to 20k,< 10,2,2500 to 5000,2500 to 5000,< 500,> 1000,> 1000,15k to 20k,1000 to 5000,5k to 10k,2LPA to 4LPA,2k to 5k,> 2k
2-2-2022 23:18:26,40k to 80k,10k to 20k,10 to 15,2,> 5000,< 2500,500 to 1000,500 to 1000,> 1000,15k to 20k,1000 to 5000,10k to 20k,> 6LPA,> 5k,1k to 2k
2-2-2022 23:18:46,40k to 80k,10k to 20k,> 25,3,> 5000,5000 to 10000,1000 to 2000,> 1000,> 1000,> 20k,1000 to 5000,> 20k,2LPA to 4LPA,2k to 5k,1k to 2k
2-2-2022 23:19:05,40k to 80k,10k to 20k,10 to 15,2,> 5000,5000 to 10000,500 to 1000,500 to 1000,> 1000,10k to 15k,1000 to 5000,10k to 20k,2LPA to 4LPA,2k to 5k,< 1000
2-2-2022 23:19:32,40k to 80k,< 10k,< 10,1,> 5000,< 2500,500 to 1000,> 1000,> 1000,15k to 20k,1000 to 5000,5k to 10k,< 2LPA,> 5k,> 2k
2-2-2022 23:20:15,40k to 80k,< 10k,< 10,2,2500 to 5000,Nil,> 2000,> 1000,> 1000,10k to 15k,1000 to 5000,10k to 20k,2LPA to 4LPA,2k to 5k,< 1000
2-2-2022 23:20:36,< 40k,10k to 20k,10 to 15,2,2500 to 5000,2500 to 5000,500 to 1000,> 1000,> 1000,> 20k,1000 to 5000,> 20k,2LPA to 4LPA,> 5k,1k to 2k
2-2-2022 23:20:56,< 40k,< 10k,< 10,2,< 1000,< 2500,< 500,< 500,700 to 1000,10k to 15k,500 to 1000,5k to 10k,2LPA to 4LPA,2k to 5k,< 1000
2-2-2022 23:21:26,< 40k,< 10k,< 10,2,1000 to 2500,5000 to 10000,500 to 1000,500 to 1000,700 to 1000,< 10k,500 to 1000,10k to 20k,2LPA to 4LPA,2k to 5k,< 1000
2-2-2022 23:21:54,< 40k,Nil,15 to 25,2,1000 to 2500,2500 to 5000,500 to 1000,500 to 1000,> 1000,10k to 15k,500 to 1000,5k to 10k,> 6LPA,Nil,< 1000
2-2-2022 23:22:22,< 40k,< 10k,15 to 25,2,1000 to 2500,2500 to 5000,500 to 1000,500 to 1000,> 1000,15k to 20k,1000 to 5000,5k to 10k,2LPA to 4LPA,> 5k,< 1000
2-2-2022 23:22:31,80k to 1.25L,> 20k,10 to 15,2,< 1000,2500 to 5000,> 2000,> 1000,700 to 1000,10k to 15k,1000 to 5000,10k to 20k,2LPA to 4LPA,Nil,1k to 2k
2-2-2022 23:22:42,80k to 1.25L,10k to 20k,< 10,2,1000 to 2500,> 10000,1000 to 2000,> 1000,> 1000,15k to 20k,500 to 1000,10k to 20k,> 6LPA,Nil,< 1000
2-2-2022 23:23:00,> 2L,> 20k,> 25,4,2500 to 5000,2500 to 5000,1000 to 2000,> 1000,< 700,> 20k,1000 to 5000,< 5k,> 6LPA,Nil,> 2k
2-2-2022 23:23:01,< 40k,< 10k,10 to 15,1,2500 to 5000,5000 to 10000,> 2000,> 1000,> 1000,15k to 20k,500 to 1000,5k to 10k,2LPA to 4LPA,Nil,1k to 2k
2-2-2022 23:23:26,< 40k,< 10k,10 to 15,2,> 5000,5000 to 10000,1000 to 2000,500 to 1000,> 1000,10k to 15k,1000 to 5000,10k to 20k,4LPA to 6LPA,Nil,< 1000
2-2-2022 23:23:29,> 2L,Nil,10 to 15,3,2500 to 5000,< 2500,< 500,< 500,< 700,10k to 15k,> 5000,< 5k,4LPA to 6LPA,Nil,> 2k
2-2-2022 23:23:55,> 2L,> 20k,15 to 25,3,2500 to 5000,2500 to 5000,< 500,> 1000,> 1000,15k to 20k,> 5000,> 20k,4LPA to 6LPA,< 2k,1k to 2k
2-2-2022 23:23:56,> 2L,10k to 20k,10 to 15,2,2500 to 5000,5000 to 10000,< 500,< 500,700 to 1000,10k to 15k,500 to 1000,10k to 20k,2LPA to 4LPA,< 2k,> 2k
2-2-2022 23:24:24,40k to 80k,< 10k,10 to 15,2,> 5000,2500 to 5000,500 to 1000,> 1000,> 1000,15k to 20k,< 500,5k to 10k,2LPA to 4LPA,Nil,1k to 2k
2-2-2022 23:24:44,40k to 80k,< 10k,10 to 15,2,2500 to 5000,5000 to 10000,500 to 1000,> 1000,> 1000,15k to 20k,1000 to 5000,> 20k,4LPA to 6LPA,2k to 5k,1k to 2k
2-2-2022 23:25:07,< 40k,< 10k,10 to 15,2,2500 to 5000,< 2500,> 2000,> 1000,> 1000,< 10k,1000 to 5000,< 5k,2LPA to 4LPA,< 2k,< 1000
2-2-2022 23:25:32,< 40k,Nil,15 to 25,1,2500 to 5000,2500 to 5000,500 to 1000,> 1000,700 to 1000,15k to 20k,1000 to 5000,< 5k,2LPA to 4LPA,> 5k,< 1000
2-2-2022 23:26:03,< 40k,Nil,< 10,2,2500 to 5000,2500 to 5000,1000 to 2000,500 to 1000,> 1000,15k to 20k,< 500,< 5k,2LPA to 4LPA,> 5k,> 2k
2-2-2022 23:26:18,1.25L to 2L,> 20k,15 to 25,3,1000 to 2500,2500 to 5000,< 500,> 1000,700 to 1000,< 10k,> 5000,< 5k,< 2LPA,< 2k,> 2k
2-2-2022 23:26:23,< 40k,> 20k,15 to 25,2,2500 to 5000,2500 to 5000,500 to 1000,> 1000,> 1000,> 20k,> 5000,5k to 10k,2LPA to 4LPA,2k to 5k,> 2k
2-2-2022 23:26:43,< 40k,10k to 20k,> 25,2,2500 to 5000,2500 to 5000,< 500,> 1000,> 1000,10k to 15k,> 5000,> 20k,2LPA to 4LPA,2k to 5k,1k to 2k
2-2-2022 23:27:10,< 40k,> 20k,10 to 15,2,1000 to 2500,2500 to 5000,> 2000,> 1000,> 1000,15k to 20k,500 to 1000,> 20k,> 6LPA,2k to 5k,1k to 2k
2-2-2022 23:27:31,1.25L to 2L,10k to 20k,10 to 15,2,2500 to 5000,5000 to 10000,500 to 1000,500 to 1000,> 1000,> 20k,1000 to 5000,10k to 20k,4LPA to 6LPA,2k to 5k,1k to 2k
2-2-2022 23:27:55,> 2L,10k to 20k,15 to 25,4,1000 to 2500,2500 to 5000,500 to 1000,> 1000,> 1000,> 20k,> 5000,10k to 20k,> 6LPA,2k to 5k,1k to 2k
2-2-2022 23:28:15,80k to 1.25L,> 20k,10 to 15,3,2500 to 5000,2500 to 5000,500 to 1000,500 to 1000,> 1000,15k to 20k,1000 to 5000,10k to 20k,2LPA to 4LPA,2k to 5k,1k to 2k
2-2-2022 23:28:40,< 40k,Nil,10 to 15,3,< 1000,2500 to 5000,500 to 1000,> 1000,> 1000,15k to 20k,1000 to 5000,10k to 20k,< 2LPA,2k to 5k,1k to 2k
2-2-2022 23:29:26,40k to 80k,10k to 20k,10 to 15,2,2500 to 5000,5000 to 10000,500 to 1000,> 1000,> 1000,> 20k,1000 to 5000,10k to 20k,4LPA to 6LPA,> 5k,1k to 2k
2-2-2022 23:29:47,< 40k,10k to 20k,< 10,2,1000 to 2500,5000 to 10000,500 to 1000,500 to 1000,> 1000,10k to 15k,500 to 1000,10k to 20k,4LPA to 6LPA,Nil,1k to 2k
2-2-2022 23:30:10,40k to 80k,10k to 20k,10 to 15,3,2500 to 5000,2500 to 5000,500 to 1000,500 to 1000,> 1000,15k to 20k,1000 to 5000,5k to 10k,4LPA to 6LPA,2k to 5k,1k to 2k
2-2-2022 23:30:35,< 40k,Nil,< 10,3,1000 to 2500,< 2500,1000 to 2000,< 500,700 to 1000,10k to 15k,500 to 1000,10k to 20k,2LPA to 4LPA,> 5k,1k to 2k
2-2-2022 23:31:00,40k to 80k,> 20k,15 to 25,3,> 5000,> 10000,1000 to 2000,> 1000,700 to 1000,15k to 20k,1000 to 5000,5k to 10k,2LPA to 4LPA,2k to 5k,> 2k
2-2-2022 23:31:23,40k to 80k,> 20k,< 10,2,2500 to 5000,2500 to 5000,500 to 1000,> 1000,> 1000,15k to 20k,1000 to 5000,5k to 10k,2LPA to 4LPA,2k to 5k,1k to 2k
2-2-2022 23:31:47,< 40k,10k to 20k,> 25,4,2500 to 5000,5000 to 10000,< 500,< 500,700 to 1000,15k to 20k,1000 to 5000,5k to 10k,2LPA to 4LPA,Nil,< 1000
2-2-2022 23:32:09,40k to 80k,> 20k,10 to 15,2,1000 to 2500,< 2500,500 to 1000,> 1000,> 1000,< 10k,< 500,5k to 10k,2LPA to 4LPA,> 5k,1k to 2k
2-2-2022 23:32:27,40k to 80k,< 10k,< 10,2,< 1000,Nil,500 to 1000,500 to 1000,700 to 1000,< 10k,< 500,< 5k,2LPA to 4LPA,Nil,< 1000
2-2-2022 23:32:30,40k to 80k,< 10k,10 to 15,3,1000 to 2500,5000 to 10000,> 2000,> 1000,> 1000,10k to 15k,< 500,5k to 10k,< 2LPA,< 2k,< 1000
2-2-2022 23:32:59,80k to 1.25L,Nil,10 to 15,3,1000 to 2500,< 2500,500 to 1000,500 to 1000,700 to 1000,10k to 15k,500 to 1000,5k to 10k,4LPA to 6LPA,2k to 5k,1k to 2k
2-2-2022 23:33:07,40k to 80k,< 10k,10 to 15,2,1000 to 2500,2500 to 5000,< 500,500 to 1000,> 1000,10k to 15k,500 to 1000,5k to 10k,> 6LPA,2k to 5k,1k to 2k
2-2-2022 23:33:34,1.25L to 2L,< 10k,10 to 15,3,2500 to 5000,5000 to 10000,500 to 1000,500 to 1000,> 1000,15k to 20k,500 to 1000,5k to 10k,> 6LPA,2k to 5k,1k to 2k
2-2-2022 23:33:35,1.25L to 2L,Nil,10 to 15,4,2500 to 5000,2500 to 5000,1000 to 2000,500 to 1000,700 to 1000,10k to 15k,500 to 1000,10k to 20k,4LPA to 6LPA,> 5k,1k to 2k
2-2-2022 23:33:55,< 40k,10k to 20k,10 to 15,3,2500 to 5000,2500 to 5000,500 to 1000,500 to 1000,> 1000,< 10k,< 500,10k to 20k,2LPA to 4LPA,2k to 5k,1k to 2k
2-2-2022 23:34:03,< 40k,< 10k,< 10,1,< 1000,Nil,< 500,< 500,< 700,< 10k,< 500,< 5k,2LPA to 4LPA,Nil,< 1000
2-2-2022 23:34:17,40k to 80k,Nil,> 25,3,1000 to 2500,2500 to 5000,500 to 1000,500 to 1000,> 1000,15k to 20k,1000 to 5000,10k to 20k,4LPA to 6LPA,Nil,< 1000
2-2-2022 23:34:41,< 40k,> 20k,10 to 15,2,2500 to 5000,2500 to 5000,> 2000,> 1000,> 1000,10k to 15k,500 to 1000,5k to 10k,4LPA to 6LPA,Nil,> 2k
2-2-2022 23:35:05,< 40k,> 20k,10 to 15,2,1000 to 2500,5000 to 10000,> 2000,> 1000,> 1000,10k to 15k,> 5000,10k to 20k,2LPA to 4LPA,2k to 5k,1k to 2k
2-2-2022 23:35:09,80k to 1.25L,10k to 20k,10 to 15,2,1000 to 2500,< 2500,500 to 1000,500 to 1000,700 to 1000,10k to 15k,500 to 1000,5k to 10k,4LPA to 6LPA,2k to 5k,1k to 2k
2-2-2022 23:35:27,40k to 80k,Nil,15 to 25,4,2500 to 5000,2500 to 5000,1000 to 2000,> 1000,> 1000,10k to 15k,500 to 1000,10k to 20k,2LPA to 4LPA,2k to 5k,> 2k
2-2-2022 23:35:50,< 40k,< 10k,< 10,1,> 5000,2500 to 5000,< 500,500 to 1000,> 1000,15k to 20k,500 to 1000,> 20k,4LPA to 6LPA,> 5k,< 1000
2-2-2022 23:36:06,40k to 80k,< 10k,< 10,2,< 1000,Nil,500 to 1000,500 to 1000,700 to 1000,< 10k,< 500,< 5k,2LPA to 4LPA,Nil,< 1000
2-2-2022 23:36:10,< 40k,< 10k,15 to 25,2,2500 to 5000,2500 to 5000,> 2000,> 1000,> 1000,15k to 20k,1000 to 5000,10k to 20k,4LPA to 6LPA,> 5k,< 1000
2-2-2022 23:36:34,1.25L to 2L,< 10k,10 to 15,3,1000 to 2500,5000 to 10000,500 to 1000,> 1000,> 1000,15k to 20k,1000 to 5000,10k to 20k,4LPA to 6LPA,2k to 5k,> 2k
2-2-2022 23:36:50,> 2L,Nil,15 to 25,4,> 5000,5000 to 10000,> 2000,> 1000,> 1000,15k to 20k,1000 to 5000,10k to 20k,> 6LPA,> 5k,> 2k
2-2-2022 23:36:55,80k to 1.25L,> 20k,10 to 15,2,1000 to 2500,2500 to 5000,500 to 1000,< 500,700 to 1000,> 20k,1000 to 5000,10k to 20k,4LPA to 6LPA,2k to 5k,< 1000
2-2-2022 23:37:21,1.25L to 2L,10k to 20k,15 to 25,2,1000 to 2500,Nil,1000 to 2000,> 1000,700 to 1000,15k to 20k,500 to 1000,> 20k,2LPA to 4LPA,2k to 5k,> 2k
2-2-2022 23:37:43,< 40k,Nil,10 to 15,2,2500 to 5000,2500 to 5000,< 500,500 to 1000,> 1000,15k to 20k,1000 to 5000,10k to 20k,2LPA to 4LPA,> 5k,1k to 2k
2-2-2022 23:37:52,80k to 1.25L,> 20k,10 to 15,3,1000 to 2500,Nil,1000 to 2000,> 1000,> 1000,10k to 15k,500 to 1000,5k to 10k,4LPA to 6LPA,2k to 5k,1k to 2k
2-2-2022 23:38:05,< 40k,< 10k,< 10,2,> 5000,> 10000,500 to 1000,500 to 1000,> 1000,> 20k,> 5000,10k to 20k,4LPA to 6LPA,2k to 5k,< 1000
2-2-2022 23:38:25,40k to 80k,10k to 20k,< 10,3,2500 to 5000,2500 to 5000,500 to 1000,500 to 1000,> 1000,15k to 20k,1000 to 5000,5k to 10k,2LPA to 4LPA,Nil,1k to 2k
2-2-2022 23:38:51,40k to 80k,10k to 20k,< 10,2,1000 to 2500,Nil,500 to 1000,> 1000,700 to 1000,10k to 15k,500 to 1000,5k to 10k,> 6LPA,> 5k,> 2k
2-2-2022 23:39:19,1.25L to 2L,Nil,< 10,1,< 1000,2500 to 5000,500 to 1000,> 1000,700 to 1000,10k to 15k,500 to 1000,5k to 10k,< 2LPA,< 2k,< 1000
2-2-2022 23:39:41,< 40k,< 10k,< 10,0,2500 to 5000,2500 to 5000,< 500,< 500,< 700,< 10k,< 500,< 5k,< 2LPA,< 2k,< 1000
2-2-2022 23:40:01,40k to 80k,> 20k,10 to 15,3,2500 to 5000,5000 to 10000,500 to 1000,> 1000,> 1000,15k to 20k,> 5000,> 20k,4LPA to 6LPA,2k to 5k,1k to 2k
2-2-2022 23:40:24,40k to 80k,< 10k,< 10,2,< 1000,< 2500,500 to 1000,500 to 1000,700 to 1000,< 10k,< 500,< 5k,2LPA to 4LPA,< 2k,1k to 2k
2-2-2022 23:40:26,1.25L to 2L,10k to 20k,> 25,3,1000 to 2500,5000 to 10000,500 to 1000,500 to 1000,> 1000,> 20k,> 5000,5k to 10k,2LPA to 4LPA,2k to 5k,> 2k
2-2-2022 23:40:48,1.25L to 2L,10k to 20k,< 10,2,> 5000,2500 to 5000,< 500,> 1000,> 1000,15k to 20k,500 to 1000,5k to 10k,2LPA to 4LPA,Nil,< 1000
2-2-2022 23:41:13,80k to 1.25L,10k to 20k,10 to 15,2,> 5000,Nil,1000 to 2000,> 1000,> 1000,15k to 20k,1000 to 5000,10k to 20k,2LPA to 4LPA,2k to 5k,< 1000
2-2-2022 23:41:22,80k to 1.25L,Nil,10 to 15,3,1000 to 2500,< 2500,1000 to 2000,> 1000,700 to 1000,10k to 15k,< 500,5k to 10k,4LPA to 6LPA,2k to 5k,1k to 2k
2-2-2022 23:41:36,40k to 80k,10k to 20k,< 10,2,2500 to 5000,2500 to 5000,> 2000,> 1000,> 1000,> 20k,> 5000,> 20k,4LPA to 6LPA,Nil,1k to 2k
2-2-2022 23:42:02,> 2L,> 20k,> 25,3,> 5000,5000 to 10000,1000 to 2000,> 1000,> 1000,> 20k,> 5000,> 20k,> 6LPA,Nil,> 2k
2-2-2022 23:42:25,40k to 80k,Nil,< 10,3,1000 to 2500,Nil,500 to 1000,500 to 1000,700 to 1000,10k to 15k,< 500,5k to 10k,2LPA to 4LPA,< 2k,< 1000
2-2-2022 23:42:27,40k to 80k,10k to 20k,10 to 15,3,1000 to 2500,2500 to 5000,1000 to 2000,> 1000,< 700,10k to 15k,1000 to 5000,5k to 10k,> 6LPA,> 5k,1k to 2k
2-2-2022 23:42:59,80k to 1.25L,10k to 20k,15 to 25,2,2500 to 5000,Nil,1000 to 2000,500 to 1000,> 1000,15k to 20k,500 to 1000,5k to 10k,2LPA to 4LPA,2k to 5k,1k to 2k
2-2-2022 23:43:19,80k to 1.25L,10k to 20k,< 10,2,1000 to 2500,Nil,1000 to 2000,500 to 1000,< 700,< 10k,< 500,5k to 10k,2LPA to 4LPA,< 2k,< 1000
2-2-2022 23:43:34,40k to 80k,10k to 20k,10 to 15,2,2500 to 5000,5000 to 10000,1000 to 2000,> 1000,> 1000,10k to 15k,1000 to 5000,10k to 20k,4LPA to 6LPA,> 5k,> 2k
2-2-2022 23:43:59,< 40k,Nil,10 to 15,3,2500 to 5000,Nil,1000 to 2000,> 1000,700 to 1000,15k to 20k,1000 to 5000,10k to 20k,2LPA to 4LPA,Nil,1k to 2k
2-2-2022 23:44:22,1.25L to 2L,> 20k,10 to 15,3,2500 to 5000,Nil,1000 to 2000,500 to 1000,700 to 1000,> 20k,500 to 1000,5k to 10k,2LPA to 4LPA,Nil,> 2k
2-2-2022 23:44:40,40k to 80k,< 10k,< 10,2,< 1000,Nil,500 to 1000,500 to 1000,700 to 1000,< 10k,< 500,< 5k,2LPA to 4LPA,< 2k,< 1000
2-2-2022 23:44:53,1.25L to 2L,> 20k,10 to 15,2,2500 to 5000,Nil,1000 to 2000,> 1000,700 to 1000,10k to 15k,500 to 1000,5k to 10k,2LPA to 4LPA,2k to 5k,> 2k
2-2-2022 23:45:18,80k to 1.25L,< 10k,> 25,4,> 5000,Nil,1000 to 2000,> 1000,> 1000,15k to 20k,1000 to 5000,10k to 20k,4LPA to 6LPA,2k to 5k,< 1000
2-2-2022 23:45:36,80k to 1.25L,> 20k,10 to 15,3,2500 to 5000,< 2500,> 2000,> 1000,> 1000,15k to 20k,500 to 1000,10k to 20k,> 6LPA,2k to 5k,1k to 2k
2-2-2022 23:45:44,40k to 80k,< 10k,> 25,3,2500 to 5000,2500 to 5000,< 500,> 1000,> 1000,15k to 20k,1000 to 5000,10k to 20k,2LPA to 4LPA,2k to 5k,< 1000
2-2-2022 23:46:10,40k to 80k,10k to 20k,10 to 15,3,< 1000,2500 to 5000,500 to 1000,500 to 1000,> 1000,15k to 20k,500 to 1000,5k to 10k,2LPA to 4LPA,Nil,< 1000
2-2-2022 23:46:17,40k to 80k,< 10k,< 10,2,< 1000,Nil,500 to 1000,500 to 1000,< 700,< 10k,< 500,5k to 10k,2LPA to 4LPA,< 2k,< 1000
2-2-2022 23:46:37,> 2L,> 20k,> 25,5,> 5000,Nil,500 to 1000,> 1000,> 1000,> 20k,> 5000,> 20k,> 6LPA,> 5k,> 2k
2-2-2022 23:46:59,< 40k,< 10k,< 10,1,< 1000,Nil,500 to 1000,< 500,< 700,< 10k,< 500,< 5k,2LPA to 4LPA,Nil,< 1000
2-2-2022 23:47:13,< 40k,Nil,10 to 15,3,1000 to 2500,2500 to 5000,> 2000,> 1000,> 1000,10k to 15k,500 to 1000,10k to 20k,< 2LPA,< 2k,1k to 2k
2-2-2022 23:47:39,80k to 1.25L,Nil,< 10,3,1000 to 2500,Nil,1000 to 2000,500 to 1000,700 to 1000,10k to 15k,500 to 1000,5k to 10k,4LPA to 6LPA,2k to 5k,1k to 2k
2-2-2022 23:48:48,40k to 80k,Nil,10 to 15,2,1000 to 2500,Nil,> 2000,> 1000,> 1000,10k to 15k,> 5000,5k to 10k,2LPA to 4LPA,< 2k,1k to 2k
2-2-2022 23:49:20,40k to 80k,> 20k,10 to 15,3,2500 to 5000,Nil,1000 to 2000,> 1000,> 1000,15k to 20k,1000 to 5000,10k to 20k,< 2LPA,< 2k,< 1000
2-2-2022 23:49:44,< 40k,10k to 20k,10 to 15,3,2500 to 5000,2500 to 5000,500 to 1000,> 1000,> 1000,10k to 15k,500 to 1000,5k to 10k,2LPA to 4LPA,2k to 5k,> 2k
2-3-2022 10:15:35,40k to 80k,< 10k,15 to 25,2,2500 to 5000,2500 to 5000,1000 to 2000,> 1000,> 1000,10k to 15k,1000 to 5000,10k to 20k,2LPA to 4LPA,2k to 5k,> 2k
2-3-2022 10:16:07,< 40k,< 10k,10 to 15,2,2500 to 5000,Nil,1000 to 2000,> 1000,< 700,10k to 15k,1000 to 5000,10k to 20k,2LPA to 4LPA,< 2k,< 1000
2-3-2022 10:16:37,80k to 1.25L,10k to 20k,< 10,3,< 1000,< 2500,500 to 1000,500 to 1000,> 1000,< 10k,500 to 1000,10k to 20k,< 2LPA,Nil,1k to 2k
2-3-2022 10:19:18,< 40k,< 10k,10 to 15,2,2500 to 5000,Nil,1000 to 2000,> 1000,700 to 1000,15k to 20k,1000 to 5000,10k to 20k,< 2LPA,2k to 5k,< 1000
2-3-2022 10:19:49,< 40k,Nil,10 to 15,1,1000 to 2500,5000 to 10000,> 2000,< 500,700 to 1000,10k to 15k,< 500,10k to 20k,< 2LPA,2k to 5k,> 2k
2-4-2022 7:08:29,< 40k,< 10k,10 to 15,3,1000 to 2500,Nil,1000 to 2000,> 1000,700 to 1000,< 10k,1000 to 5000,5k to 10k,< 2LPA,< 2k,< 1000
2-4-2022 7:09:07,1.25L to 2L,10k to 20k,15 to 25,4,2500 to 5000,2500 to 5000,> 2000,> 1000,> 1000,10k to 15k,> 5000,> 20k,2LPA to 4LPA,> 5k,> 2k
2-9-2022 14:35:25,< 40k,Nil,15 to 25,2,1000 to 2500,< 2500,500 to 1000,500 to 1000,700 to 1000,< 10k,500 to 1000,10k to 20k,< 2LPA,< 2k,< 1000
2-9-2022 14:35:51,40k to 80k,Nil,> 25,3,2500 to 5000,Nil,1000 to 2000,> 1000,< 700,15k to 20k,1000 to 5000,10k to 20k,2LPA to 4LPA,Nil,> 2k
2-9-2022 14:36:19,40k to 80k,< 10k,15 to 25,3,1000 to 2500,5000 to 10000,1000 to 2000,> 1000,> 1000,10k to 15k,1000 to 5000,10k to 20k,< 2LPA,2k to 5k,1k to 2k
2-9-2022 14:37:01,< 40k,Nil,10 to 15,2,1000 to 2500,Nil,1000 to 2000,500 to 1000,< 700,10k to 15k,500 to 1000,5k to 10k,< 2LPA,Nil,1k to 2k
2-9-2022 14:37:47,< 40k,10k to 20k,15 to 25,1,1000 to 2500,< 2500,500 to 1000,500 to 1000,> 1000,10k to 15k,500 to 1000,10k to 20k,< 2LPA,2k to 5k,> 2k
2-16-2022 16:45:20,< 40k,Nil,10 to 15,2,1000 to 2500,Nil,1000 to 2000,500 to 1000,700 to 1000,< 10k,500 to 1000,5k to 10k,< 2LPA,< 2k,1k to 2k
2-16-2022 16:45:58,80k to 1.25L,10k to 20k,15 to 25,3,2500 to 5000,2500 to 5000,1000 to 2000,> 1000,> 1000,10k to 15k,1000 to 5000,10k to 20k,2LPA to 4LPA,2k to 5k,> 2k
2-16-2022 16:46:43,40k to 80k,Nil,15 to 25,1,1000 to 2500,5000 to 10000,500 to 1000,500 to 1000,> 1000,10k to 15k,1000 to 5000,10k to 20k,< 2LPA,Nil,< 1000
2-16-2022 16:47:31,1.25L to 2L,10k to 20k,10 to 15,2,2500 to 5000,2500 to 5000,> 2000,> 1000,< 700,15k to 20k,> 5000,10k to 20k,2LPA to 4LPA,2k to 5k,> 2k
2-16-2022 16:48:09,< 40k,< 10k,10 to 15,2,1000 to 2500,< 2500,1000 to 2000,500 to 1000,700 to 1000,10k to 15k,< 500,5k to 10k,< 2LPA,> 5k,1k to 2k
2-16-2022 16:48:58,< 40k,Nil,10 to 15,1,1000 to 2500,< 2500,1000 to 2000,500 to 1000,700 to 1000,< 10k,500 to 1000,5k to 10k,< 2LPA,< 2k,1k to 2k
2-16-2022 16:49:48,1.25L to 2L,Nil,> 25,3,2500 to 5000,5000 to 10000,> 2000,> 1000,> 1000,15k to 20k,1000 to 5000,10k to 20k,4LPA to 6LPA,> 5k,1k to 2k
2-16-2022 16:50:26,< 40k,< 10k,10 to 15,1,1000 to 2500,< 2500,500 to 1000,< 500,< 700,< 10k,< 500,< 5k,< 2LPA,Nil,< 1000
2-16-2022 16:51:01,> 2L,> 20k,> 25,4,2500 to 5000,5000 to 10000,> 2000,> 1000,> 1000,15k to 20k,1000 to 5000,> 20k,4LPA to 6LPA,> 5k,> 2k
2-16-2022 16:51:49,< 40k,Nil,10 to 15,2,1000 to 2500,< 2500,1000 to 2000,500 to 1000,< 700,< 10k,1000 to 5000,5k to 10k,< 2LPA,2k to 5k,< 1000
2-23-2022 15:57:46,< 40k,< 10k,10 to 15,2,1000 to 2500,2500 to 5000,500 to 1000,< 500,700 to 1000,< 10k,1000 to 5000,5k to 10k,2LPA to 4LPA,< 2k,< 1000
2-23-2022 15:58:36,40k to 80k,< 10k,15 to 25,2,1000 to 2500,< 2500,1000 to 2000,> 1000,700 to 1000,< 10k,500 to 1000,10k to 20k,< 2LPA,< 2k,1k to 2k
2-23-2022 15:59:12,1.25L to 2L,> 20k,> 25,4,1000 to 2500,5000 to 10000,> 2000,> 1000,> 1000,15k to 20k,1000 to 5000,> 20k,2LPA to 4LPA,2k to 5k,> 2k
2-23-2022 15:59:45,80k to 1.25L,Nil,15 to 25,2,> 5000,< 2500,500 to 1000,500 to 1000,700 to 1000,10k to 15k,500 to 1000,< 5k,< 2LPA,< 2k,< 1000
2-23-2022 16:00:14,> 2L,> 20k,> 25,4,2500 to 5000,5000 to 10000,1000 to 2000,> 1000,> 1000,10k to 15k,1000 to 5000,10k to 20k,2LPA to 4LPA,2k to 5k,< 1000
2-23-2022 16:00:44,< 40k,10k to 20k,15 to 25,3,1000 to 2500,5000 to 10000,500 to 1000,500 to 1000,700 to 1000,< 10k,500 to 1000,5k to 10k,< 2LPA,< 2k,1k to 2k
2-23-2022 16:01:09,40k to 80k,10k to 20k,15 to 25,3,2500 to 5000,5000 to 10000,> 2000,> 1000,> 1000,10k to 15k,1000 to 5000,10k to 20k,2LPA to 4LPA,Nil,1k to 2k
2-23-2022 16:01:40,< 40k,Nil,10 to 15,2,1000 to 2500,< 2500,1000 to 2000,500 to 1000,700 to 1000,10k to 15k,1000 to 5000,10k to 20k,< 2LPA,2k to 5k,1k to 2k
2-23-2022 16:02:29,1.25L to 2L,10k to 20k,15 to 25,2,2500 to 5000,2500 to 5000,1000 to 2000,> 1000,> 1000,10k to 15k,1000 to 5000,10k to 20k,2LPA to 4LPA,> 5k,1k to 2k
2-23-2022 16:03:14,< 40k,< 10k,< 10,1,1000 to 2500,Nil,500 to 1000,< 500,< 700,< 10k,500 to 1000,5k to 10k,< 2LPA,< 2k,< 1000
2-23-2022 16:04:03,< 40k,Nil,10 to 15,2,1000 to 2500,Nil,500 to 1000,500 to 1000,700 to 1000,10k to 15k,500 to 1000,10k to 20k,2LPA to 4LPA,< 2k,< 1000
2-23-2022 16:06:56,< 40k,Nil,10 to 15,2,2500 to 5000,Nil,500 to 1000,500 to 1000,700 to 1000,< 10k,500 to 1000,10k to 20k,< 2LPA,Nil,> 2k
2-23-2022 16:18:39,< 40k,Nil,10 to 15,2,1000 to 2500,Nil,1000 to 2000,500 to 1000,< 700,< 10k,500 to 1000,5k to 10k,< 2LPA,< 2k,< 1000
2-23-2022 21:02:14,80k to 1.25L,> 20k,15 to 25,3,1000 to 2500,< 2500,1000 to 2000,500 to 1000,700 to 1000,10k to 15k,1000 to 5000,10k to 20k,< 2LPA,< 2k,> 2k
2-23-2022 21:02:53,< 40k,Nil,10 to 15,2,1000 to 2500,Nil,1000 to 2000,500 to 1000,< 700,10k to 15k,500 to 1000,10k to 20k,< 2LPA,Nil,1k to 2k
